--
-- PostgreSQL database dump
--

-- Dumped from database version 9.5.22
-- Dumped by pg_dump version 9.5.22

SET statement_timeout = 0;
SET lock_timeout = 0;
SET client_encoding = 'UTF8';
SET standard_conforming_strings = on;
SELECT pg_catalog.set_config('search_path', '', false);
SET check_function_bodies = false;
SET xmloption = content;
SET client_min_messages = warning;
SET row_security = off;

--
-- Name: DATABASE postgres; Type: COMMENT; Schema: -; Owner: postgres
--

COMMENT ON DATABASE postgres IS 'default administrative connection database';


--
-- Name: plpgsql; Type: EXTENSION; Schema: -; Owner: 
--

CREATE EXTENSION IF NOT EXISTS plpgsql WITH SCHEMA pg_catalog;


--
-- Name: EXTENSION plpgsql; Type: COMMENT; Schema: -; Owner: 
--

COMMENT ON EXTENSION plpgsql IS 'PL/pgSQL procedural language';


SET default_tablespace = '';

SET default_with_oids = false;

--
-- Name: chq_actions; Type: TABLE; Schema: public; Owner: postgres
--

CREATE TABLE public.chq_actions (
    id integer NOT NULL,
    class_name character varying(191) NOT NULL,
    user_id bigint NOT NULL,
    username character varying(191) NOT NULL,
    information character varying(191),
    description character varying(191) NOT NULL,
    created_at timestamp(0) without time zone,
    updated_at timestamp(0) without time zone
);


ALTER TABLE public.chq_actions OWNER TO postgres;

--
-- Name: chq_actions_id_seq; Type: SEQUENCE; Schema: public; Owner: postgres
--

CREATE SEQUENCE public.chq_actions_id_seq
    START WITH 1
    INCREMENT BY 1
    NO MINVALUE
    NO MAXVALUE
    CACHE 1;


ALTER TABLE public.chq_actions_id_seq OWNER TO postgres;

--
-- Name: chq_actions_id_seq; Type: SEQUENCE OWNED BY; Schema: public; Owner: postgres
--

ALTER SEQUENCE public.chq_actions_id_seq OWNED BY public.chq_actions.id;


--
-- Name: chq_cache; Type: TABLE; Schema: public; Owner: postgres
--

CREATE TABLE public.chq_cache (
    key character varying(191) NOT NULL,
    value text NOT NULL,
    expiration integer NOT NULL
);


ALTER TABLE public.chq_cache OWNER TO postgres;

--
-- Name: chq_component_groups; Type: TABLE; Schema: public; Owner: postgres
--

CREATE TABLE public.chq_component_groups (
    id integer NOT NULL,
    name character varying(191) NOT NULL,
    created_at timestamp(0) without time zone,
    updated_at timestamp(0) without time zone,
    "order" integer DEFAULT 0 NOT NULL,
    collapsed integer DEFAULT 1 NOT NULL,
    visible smallint DEFAULT '0'::smallint NOT NULL
);


ALTER TABLE public.chq_component_groups OWNER TO postgres;

--
-- Name: chq_component_groups_id_seq; Type: SEQUENCE; Schema: public; Owner: postgres
--

CREATE SEQUENCE public.chq_component_groups_id_seq
    START WITH 1
    INCREMENT BY 1
    NO MINVALUE
    NO MAXVALUE
    CACHE 1;


ALTER TABLE public.chq_component_groups_id_seq OWNER TO postgres;

--
-- Name: chq_component_groups_id_seq; Type: SEQUENCE OWNED BY; Schema: public; Owner: postgres
--

ALTER SEQUENCE public.chq_component_groups_id_seq OWNED BY public.chq_component_groups.id;


--
-- Name: chq_components; Type: TABLE; Schema: public; Owner: postgres
--

CREATE TABLE public.chq_components (
    id integer NOT NULL,
    name character varying(191) NOT NULL,
    description text NOT NULL,
    link text,
    status integer NOT NULL,
    "order" integer NOT NULL,
    group_id integer NOT NULL,
    created_at timestamp(0) without time zone,
    updated_at timestamp(0) without time zone,
    deleted_at timestamp(0) without time zone,
    enabled boolean DEFAULT true NOT NULL,
    meta text
);


ALTER TABLE public.chq_components OWNER TO postgres;

--
-- Name: chq_components_id_seq; Type: SEQUENCE; Schema: public; Owner: postgres
--

CREATE SEQUENCE public.chq_components_id_seq
    START WITH 1
    INCREMENT BY 1
    NO MINVALUE
    NO MAXVALUE
    CACHE 1;


ALTER TABLE public.chq_components_id_seq OWNER TO postgres;

--
-- Name: chq_components_id_seq; Type: SEQUENCE OWNED BY; Schema: public; Owner: postgres
--

ALTER SEQUENCE public.chq_components_id_seq OWNED BY public.chq_components.id;


--
-- Name: chq_failed_jobs; Type: TABLE; Schema: public; Owner: postgres
--

CREATE TABLE public.chq_failed_jobs (
    id integer NOT NULL,
    connection text NOT NULL,
    queue text NOT NULL,
    payload text NOT NULL,
    failed_at timestamp(0) without time zone NOT NULL
);


ALTER TABLE public.chq_failed_jobs OWNER TO postgres;

--
-- Name: chq_failed_jobs_id_seq; Type: SEQUENCE; Schema: public; Owner: postgres
--

CREATE SEQUENCE public.chq_failed_jobs_id_seq
    START WITH 1
    INCREMENT BY 1
    NO MINVALUE
    NO MAXVALUE
    CACHE 1;


ALTER TABLE public.chq_failed_jobs_id_seq OWNER TO postgres;

--
-- Name: chq_failed_jobs_id_seq; Type: SEQUENCE OWNED BY; Schema: public; Owner: postgres
--

ALTER SEQUENCE public.chq_failed_jobs_id_seq OWNED BY public.chq_failed_jobs.id;


--
-- Name: chq_incident_components; Type: TABLE; Schema: public; Owner: postgres
--

CREATE TABLE public.chq_incident_components (
    id integer NOT NULL,
    incident_id integer NOT NULL,
    component_id integer NOT NULL,
    status_id integer NOT NULL,
    created_at timestamp(0) without time zone,
    updated_at timestamp(0) without time zone
);


ALTER TABLE public.chq_incident_components OWNER TO postgres;

--
-- Name: chq_incident_components_id_seq; Type: SEQUENCE; Schema: public; Owner: postgres
--

CREATE SEQUENCE public.chq_incident_components_id_seq
    START WITH 1
    INCREMENT BY 1
    NO MINVALUE
    NO MAXVALUE
    CACHE 1;


ALTER TABLE public.chq_incident_components_id_seq OWNER TO postgres;

--
-- Name: chq_incident_components_id_seq; Type: SEQUENCE OWNED BY; Schema: public; Owner: postgres
--

ALTER SEQUENCE public.chq_incident_components_id_seq OWNED BY public.chq_incident_components.id;


--
-- Name: chq_incident_templates; Type: TABLE; Schema: public; Owner: postgres
--

CREATE TABLE public.chq_incident_templates (
    id integer NOT NULL,
    name character varying(191) NOT NULL,
    slug character varying(191) NOT NULL,
    template text NOT NULL,
    created_at timestamp(0) without time zone,
    updated_at timestamp(0) without time zone,
    deleted_at timestamp(0) without time zone
);


ALTER TABLE public.chq_incident_templates OWNER TO postgres;

--
-- Name: chq_incident_templates_id_seq; Type: SEQUENCE; Schema: public; Owner: postgres
--

CREATE SEQUENCE public.chq_incident_templates_id_seq
    START WITH 1
    INCREMENT BY 1
    NO MINVALUE
    NO MAXVALUE
    CACHE 1;


ALTER TABLE public.chq_incident_templates_id_seq OWNER TO postgres;

--
-- Name: chq_incident_templates_id_seq; Type: SEQUENCE OWNED BY; Schema: public; Owner: postgres
--

ALTER SEQUENCE public.chq_incident_templates_id_seq OWNED BY public.chq_incident_templates.id;


--
-- Name: chq_incident_updates; Type: TABLE; Schema: public; Owner: postgres
--

CREATE TABLE public.chq_incident_updates (
    id integer NOT NULL,
    incident_id integer NOT NULL,
    status integer NOT NULL,
    message text NOT NULL,
    user_id integer NOT NULL,
    created_at timestamp(0) without time zone,
    updated_at timestamp(0) without time zone
);


ALTER TABLE public.chq_incident_updates OWNER TO postgres;

--
-- Name: chq_incident_updates_id_seq; Type: SEQUENCE; Schema: public; Owner: postgres
--

CREATE SEQUENCE public.chq_incident_updates_id_seq
    START WITH 1
    INCREMENT BY 1
    NO MINVALUE
    NO MAXVALUE
    CACHE 1;


ALTER TABLE public.chq_incident_updates_id_seq OWNER TO postgres;

--
-- Name: chq_incident_updates_id_seq; Type: SEQUENCE OWNED BY; Schema: public; Owner: postgres
--

ALTER SEQUENCE public.chq_incident_updates_id_seq OWNED BY public.chq_incident_updates.id;


--
-- Name: chq_incidents; Type: TABLE; Schema: public; Owner: postgres
--

CREATE TABLE public.chq_incidents (
    id integer NOT NULL,
    component_id integer DEFAULT 0 NOT NULL,
    name character varying(191) NOT NULL,
    status integer NOT NULL,
    message text NOT NULL,
    created_at timestamp(0) without time zone,
    updated_at timestamp(0) without time zone,
    deleted_at timestamp(0) without time zone,
    visible boolean DEFAULT true NOT NULL,
    stickied boolean DEFAULT false NOT NULL,
    occurred_at timestamp(0) without time zone,
    user_id integer,
    notifications boolean DEFAULT false NOT NULL
);


ALTER TABLE public.chq_incidents OWNER TO postgres;

--
-- Name: chq_incidents_id_seq; Type: SEQUENCE; Schema: public; Owner: postgres
--

CREATE SEQUENCE public.chq_incidents_id_seq
    START WITH 1
    INCREMENT BY 1
    NO MINVALUE
    NO MAXVALUE
    CACHE 1;


ALTER TABLE public.chq_incidents_id_seq OWNER TO postgres;

--
-- Name: chq_incidents_id_seq; Type: SEQUENCE OWNED BY; Schema: public; Owner: postgres
--

ALTER SEQUENCE public.chq_incidents_id_seq OWNED BY public.chq_incidents.id;


--
-- Name: chq_invites; Type: TABLE; Schema: public; Owner: postgres
--

CREATE TABLE public.chq_invites (
    id integer NOT NULL,
    code character varying(191) NOT NULL,
    email character varying(191) NOT NULL,
    claimed_at timestamp(0) without time zone,
    created_at timestamp(0) without time zone,
    updated_at timestamp(0) without time zone
);


ALTER TABLE public.chq_invites OWNER TO postgres;

--
-- Name: chq_invites_id_seq; Type: SEQUENCE; Schema: public; Owner: postgres
--

CREATE SEQUENCE public.chq_invites_id_seq
    START WITH 1
    INCREMENT BY 1
    NO MINVALUE
    NO MAXVALUE
    CACHE 1;


ALTER TABLE public.chq_invites_id_seq OWNER TO postgres;

--
-- Name: chq_invites_id_seq; Type: SEQUENCE OWNED BY; Schema: public; Owner: postgres
--

ALTER SEQUENCE public.chq_invites_id_seq OWNED BY public.chq_invites.id;


--
-- Name: chq_jobs; Type: TABLE; Schema: public; Owner: postgres
--

CREATE TABLE public.chq_jobs (
    id bigint NOT NULL,
    queue character varying(191) NOT NULL,
    payload text NOT NULL,
    attempts smallint NOT NULL,
    reserved smallint NOT NULL,
    reserved_at integer,
    available_at integer NOT NULL,
    created_at integer NOT NULL
);


ALTER TABLE public.chq_jobs OWNER TO postgres;

--
-- Name: chq_jobs_id_seq; Type: SEQUENCE; Schema: public; Owner: postgres
--

CREATE SEQUENCE public.chq_jobs_id_seq
    START WITH 1
    INCREMENT BY 1
    NO MINVALUE
    NO MAXVALUE
    CACHE 1;


ALTER TABLE public.chq_jobs_id_seq OWNER TO postgres;

--
-- Name: chq_jobs_id_seq; Type: SEQUENCE OWNED BY; Schema: public; Owner: postgres
--

ALTER SEQUENCE public.chq_jobs_id_seq OWNED BY public.chq_jobs.id;


--
-- Name: chq_meta; Type: TABLE; Schema: public; Owner: postgres
--

CREATE TABLE public.chq_meta (
    id integer NOT NULL,
    key character varying(191) NOT NULL,
    value character varying(191) NOT NULL,
    meta_id integer NOT NULL,
    meta_type character varying(191) NOT NULL,
    created_at timestamp(0) without time zone,
    updated_at timestamp(0) without time zone
);


ALTER TABLE public.chq_meta OWNER TO postgres;

--
-- Name: chq_meta_id_seq; Type: SEQUENCE; Schema: public; Owner: postgres
--

CREATE SEQUENCE public.chq_meta_id_seq
    START WITH 1
    INCREMENT BY 1
    NO MINVALUE
    NO MAXVALUE
    CACHE 1;


ALTER TABLE public.chq_meta_id_seq OWNER TO postgres;

--
-- Name: chq_meta_id_seq; Type: SEQUENCE OWNED BY; Schema: public; Owner: postgres
--

ALTER SEQUENCE public.chq_meta_id_seq OWNED BY public.chq_meta.id;


--
-- Name: chq_metric_points; Type: TABLE; Schema: public; Owner: postgres
--

CREATE TABLE public.chq_metric_points (
    id integer NOT NULL,
    metric_id integer NOT NULL,
    value numeric(15,3) NOT NULL,
    created_at timestamp(0) without time zone,
    updated_at timestamp(0) without time zone,
    counter integer DEFAULT 1 NOT NULL
);


ALTER TABLE public.chq_metric_points OWNER TO postgres;

--
-- Name: chq_metric_points_id_seq; Type: SEQUENCE; Schema: public; Owner: postgres
--

CREATE SEQUENCE public.chq_metric_points_id_seq
    START WITH 1
    INCREMENT BY 1
    NO MINVALUE
    NO MAXVALUE
    CACHE 1;


ALTER TABLE public.chq_metric_points_id_seq OWNER TO postgres;

--
-- Name: chq_metric_points_id_seq; Type: SEQUENCE OWNED BY; Schema: public; Owner: postgres
--

ALTER SEQUENCE public.chq_metric_points_id_seq OWNED BY public.chq_metric_points.id;


--
-- Name: chq_metrics; Type: TABLE; Schema: public; Owner: postgres
--

CREATE TABLE public.chq_metrics (
    id integer NOT NULL,
    name character varying(191) NOT NULL,
    suffix character varying(191) NOT NULL,
    description text NOT NULL,
    default_value numeric(10,3) NOT NULL,
    calc_type smallint NOT NULL,
    display_chart boolean DEFAULT true NOT NULL,
    created_at timestamp(0) without time zone,
    updated_at timestamp(0) without time zone,
    places integer DEFAULT 2 NOT NULL,
    default_view smallint DEFAULT '1'::smallint NOT NULL,
    threshold integer DEFAULT 5 NOT NULL,
    "order" smallint DEFAULT '0'::smallint NOT NULL,
    visible smallint DEFAULT '1'::smallint NOT NULL
);


ALTER TABLE public.chq_metrics OWNER TO postgres;

--
-- Name: chq_metrics_id_seq; Type: SEQUENCE; Schema: public; Owner: postgres
--

CREATE SEQUENCE public.chq_metrics_id_seq
    START WITH 1
    INCREMENT BY 1
    NO MINVALUE
    NO MAXVALUE
    CACHE 1;


ALTER TABLE public.chq_metrics_id_seq OWNER TO postgres;

--
-- Name: chq_metrics_id_seq; Type: SEQUENCE OWNED BY; Schema: public; Owner: postgres
--

ALTER SEQUENCE public.chq_metrics_id_seq OWNED BY public.chq_metrics.id;


--
-- Name: chq_migrations; Type: TABLE; Schema: public; Owner: postgres
--

CREATE TABLE public.chq_migrations (
    id integer NOT NULL,
    migration character varying(191) NOT NULL,
    batch integer NOT NULL
);


ALTER TABLE public.chq_migrations OWNER TO postgres;

--
-- Name: chq_migrations_id_seq; Type: SEQUENCE; Schema: public; Owner: postgres
--

CREATE SEQUENCE public.chq_migrations_id_seq
    START WITH 1
    INCREMENT BY 1
    NO MINVALUE
    NO MAXVALUE
    CACHE 1;


ALTER TABLE public.chq_migrations_id_seq OWNER TO postgres;

--
-- Name: chq_migrations_id_seq; Type: SEQUENCE OWNED BY; Schema: public; Owner: postgres
--

ALTER SEQUENCE public.chq_migrations_id_seq OWNED BY public.chq_migrations.id;


--
-- Name: chq_notifications; Type: TABLE; Schema: public; Owner: postgres
--

CREATE TABLE public.chq_notifications (
    id uuid NOT NULL,
    type character varying(191) NOT NULL,
    notifiable_type character varying(191) NOT NULL,
    notifiable_id bigint NOT NULL,
    data text NOT NULL,
    read_at timestamp(0) without time zone,
    created_at timestamp(0) without time zone,
    updated_at timestamp(0) without time zone
);


ALTER TABLE public.chq_notifications OWNER TO postgres;

--
-- Name: chq_schedule_components; Type: TABLE; Schema: public; Owner: postgres
--

CREATE TABLE public.chq_schedule_components (
    id integer NOT NULL,
    schedule_id integer NOT NULL,
    component_id integer NOT NULL,
    component_status smallint NOT NULL,
    created_at timestamp(0) without time zone,
    updated_at timestamp(0) without time zone
);


ALTER TABLE public.chq_schedule_components OWNER TO postgres;

--
-- Name: chq_schedule_components_id_seq; Type: SEQUENCE; Schema: public; Owner: postgres
--

CREATE SEQUENCE public.chq_schedule_components_id_seq
    START WITH 1
    INCREMENT BY 1
    NO MINVALUE
    NO MAXVALUE
    CACHE 1;


ALTER TABLE public.chq_schedule_components_id_seq OWNER TO postgres;

--
-- Name: chq_schedule_components_id_seq; Type: SEQUENCE OWNED BY; Schema: public; Owner: postgres
--

ALTER SEQUENCE public.chq_schedule_components_id_seq OWNED BY public.chq_schedule_components.id;


--
-- Name: chq_schedules; Type: TABLE; Schema: public; Owner: postgres
--

CREATE TABLE public.chq_schedules (
    id integer NOT NULL,
    name character varying(191) NOT NULL,
    message text,
    status smallint DEFAULT '0'::smallint NOT NULL,
    scheduled_at timestamp(0) without time zone NOT NULL,
    completed_at timestamp(0) without time zone,
    created_at timestamp(0) without time zone,
    updated_at timestamp(0) without time zone,
    deleted_at timestamp(0) without time zone
);


ALTER TABLE public.chq_schedules OWNER TO postgres;

--
-- Name: chq_schedules_id_seq; Type: SEQUENCE; Schema: public; Owner: postgres
--

CREATE SEQUENCE public.chq_schedules_id_seq
    START WITH 1
    INCREMENT BY 1
    NO MINVALUE
    NO MAXVALUE
    CACHE 1;


ALTER TABLE public.chq_schedules_id_seq OWNER TO postgres;

--
-- Name: chq_schedules_id_seq; Type: SEQUENCE OWNED BY; Schema: public; Owner: postgres
--

ALTER SEQUENCE public.chq_schedules_id_seq OWNED BY public.chq_schedules.id;


--
-- Name: chq_sessions; Type: TABLE; Schema: public; Owner: postgres
--

CREATE TABLE public.chq_sessions (
    id character varying(191) NOT NULL,
    user_id integer,
    ip_address character varying(45),
    user_agent text,
    payload text NOT NULL,
    last_activity integer NOT NULL
);


ALTER TABLE public.chq_sessions OWNER TO postgres;

--
-- Name: chq_settings; Type: TABLE; Schema: public; Owner: postgres
--

CREATE TABLE public.chq_settings (
    id integer NOT NULL,
    name character varying(191) NOT NULL,
    value text NOT NULL,
    created_at timestamp(0) without time zone,
    updated_at timestamp(0) without time zone
);


ALTER TABLE public.chq_settings OWNER TO postgres;

--
-- Name: chq_settings_id_seq; Type: SEQUENCE; Schema: public; Owner: postgres
--

CREATE SEQUENCE public.chq_settings_id_seq
    START WITH 1
    INCREMENT BY 1
    NO MINVALUE
    NO MAXVALUE
    CACHE 1;


ALTER TABLE public.chq_settings_id_seq OWNER TO postgres;

--
-- Name: chq_settings_id_seq; Type: SEQUENCE OWNED BY; Schema: public; Owner: postgres
--

ALTER SEQUENCE public.chq_settings_id_seq OWNED BY public.chq_settings.id;


--
-- Name: chq_subscribers; Type: TABLE; Schema: public; Owner: postgres
--

CREATE TABLE public.chq_subscribers (
    id integer NOT NULL,
    email character varying(191),
    verify_code character varying(191) NOT NULL,
    verified_at timestamp(0) without time zone,
    created_at timestamp(0) without time zone,
    updated_at timestamp(0) without time zone,
    global boolean DEFAULT true NOT NULL,
    phone_number character varying(191),
    slack_webhook_url character varying(191)
);


ALTER TABLE public.chq_subscribers OWNER TO postgres;

--
-- Name: chq_subscribers_id_seq; Type: SEQUENCE; Schema: public; Owner: postgres
--

CREATE SEQUENCE public.chq_subscribers_id_seq
    START WITH 1
    INCREMENT BY 1
    NO MINVALUE
    NO MAXVALUE
    CACHE 1;


ALTER TABLE public.chq_subscribers_id_seq OWNER TO postgres;

--
-- Name: chq_subscribers_id_seq; Type: SEQUENCE OWNED BY; Schema: public; Owner: postgres
--

ALTER SEQUENCE public.chq_subscribers_id_seq OWNED BY public.chq_subscribers.id;


--
-- Name: chq_subscriptions; Type: TABLE; Schema: public; Owner: postgres
--

CREATE TABLE public.chq_subscriptions (
    id integer NOT NULL,
    subscriber_id integer NOT NULL,
    component_id integer NOT NULL,
    created_at timestamp(0) without time zone,
    updated_at timestamp(0) without time zone
);


ALTER TABLE public.chq_subscriptions OWNER TO postgres;

--
-- Name: chq_subscriptions_id_seq; Type: SEQUENCE; Schema: public; Owner: postgres
--

CREATE SEQUENCE public.chq_subscriptions_id_seq
    START WITH 1
    INCREMENT BY 1
    NO MINVALUE
    NO MAXVALUE
    CACHE 1;


ALTER TABLE public.chq_subscriptions_id_seq OWNER TO postgres;

--
-- Name: chq_subscriptions_id_seq; Type: SEQUENCE OWNED BY; Schema: public; Owner: postgres
--

ALTER SEQUENCE public.chq_subscriptions_id_seq OWNED BY public.chq_subscriptions.id;


--
-- Name: chq_taggables; Type: TABLE; Schema: public; Owner: postgres
--

CREATE TABLE public.chq_taggables (
    id integer NOT NULL,
    tag_id integer NOT NULL,
    taggable_type character varying(191) NOT NULL,
    taggable_id bigint NOT NULL,
    created_at timestamp(0) without time zone,
    updated_at timestamp(0) without time zone
);


ALTER TABLE public.chq_taggables OWNER TO postgres;

--
-- Name: chq_taggables_id_seq; Type: SEQUENCE; Schema: public; Owner: postgres
--

CREATE SEQUENCE public.chq_taggables_id_seq
    START WITH 1
    INCREMENT BY 1
    NO MINVALUE
    NO MAXVALUE
    CACHE 1;


ALTER TABLE public.chq_taggables_id_seq OWNER TO postgres;

--
-- Name: chq_taggables_id_seq; Type: SEQUENCE OWNED BY; Schema: public; Owner: postgres
--

ALTER SEQUENCE public.chq_taggables_id_seq OWNED BY public.chq_taggables.id;


--
-- Name: chq_tags; Type: TABLE; Schema: public; Owner: postgres
--

CREATE TABLE public.chq_tags (
    id integer NOT NULL,
    name character varying(191) NOT NULL,
    slug character varying(191) NOT NULL,
    created_at timestamp(0) without time zone,
    updated_at timestamp(0) without time zone
);


ALTER TABLE public.chq_tags OWNER TO postgres;

--
-- Name: chq_tags_id_seq; Type: SEQUENCE; Schema: public; Owner: postgres
--

CREATE SEQUENCE public.chq_tags_id_seq
    START WITH 1
    INCREMENT BY 1
    NO MINVALUE
    NO MAXVALUE
    CACHE 1;


ALTER TABLE public.chq_tags_id_seq OWNER TO postgres;

--
-- Name: chq_tags_id_seq; Type: SEQUENCE OWNED BY; Schema: public; Owner: postgres
--

ALTER SEQUENCE public.chq_tags_id_seq OWNED BY public.chq_tags.id;


--
-- Name: chq_users; Type: TABLE; Schema: public; Owner: postgres
--

CREATE TABLE public.chq_users (
    id integer NOT NULL,
    username character varying(191) NOT NULL,
    password character varying(191) NOT NULL,
    remember_token character varying(100),
    email character varying(191) NOT NULL,
    api_key character varying(191) NOT NULL,
    active boolean DEFAULT true NOT NULL,
    level smallint DEFAULT '2'::smallint NOT NULL,
    created_at timestamp(0) without time zone,
    updated_at timestamp(0) without time zone,
    google_2fa_secret character varying(191),
    welcomed boolean DEFAULT false NOT NULL
);


ALTER TABLE public.chq_users OWNER TO postgres;

--
-- Name: chq_users_id_seq; Type: SEQUENCE; Schema: public; Owner: postgres
--

CREATE SEQUENCE public.chq_users_id_seq
    START WITH 1
    INCREMENT BY 1
    NO MINVALUE
    NO MAXVALUE
    CACHE 1;


ALTER TABLE public.chq_users_id_seq OWNER TO postgres;

--
-- Name: chq_users_id_seq; Type: SEQUENCE OWNED BY; Schema: public; Owner: postgres
--

ALTER SEQUENCE public.chq_users_id_seq OWNED BY public.chq_users.id;


--
-- Name: id; Type: DEFAULT; Schema: public; Owner: postgres
--

ALTER TABLE ONLY public.chq_actions ALTER COLUMN id SET DEFAULT nextval('public.chq_actions_id_seq'::regclass);


--
-- Name: id; Type: DEFAULT; Schema: public; Owner: postgres
--

ALTER TABLE ONLY public.chq_component_groups ALTER COLUMN id SET DEFAULT nextval('public.chq_component_groups_id_seq'::regclass);


--
-- Name: id; Type: DEFAULT; Schema: public; Owner: postgres
--

ALTER TABLE ONLY public.chq_components ALTER COLUMN id SET DEFAULT nextval('public.chq_components_id_seq'::regclass);


--
-- Name: id; Type: DEFAULT; Schema: public; Owner: postgres
--

ALTER TABLE ONLY public.chq_failed_jobs ALTER COLUMN id SET DEFAULT nextval('public.chq_failed_jobs_id_seq'::regclass);


--
-- Name: id; Type: DEFAULT; Schema: public; Owner: postgres
--

ALTER TABLE ONLY public.chq_incident_components ALTER COLUMN id SET DEFAULT nextval('public.chq_incident_components_id_seq'::regclass);


--
-- Name: id; Type: DEFAULT; Schema: public; Owner: postgres
--

ALTER TABLE ONLY public.chq_incident_templates ALTER COLUMN id SET DEFAULT nextval('public.chq_incident_templates_id_seq'::regclass);


--
-- Name: id; Type: DEFAULT; Schema: public; Owner: postgres
--

ALTER TABLE ONLY public.chq_incident_updates ALTER COLUMN id SET DEFAULT nextval('public.chq_incident_updates_id_seq'::regclass);


--
-- Name: id; Type: DEFAULT; Schema: public; Owner: postgres
--

ALTER TABLE ONLY public.chq_incidents ALTER COLUMN id SET DEFAULT nextval('public.chq_incidents_id_seq'::regclass);


--
-- Name: id; Type: DEFAULT; Schema: public; Owner: postgres
--

ALTER TABLE ONLY public.chq_invites ALTER COLUMN id SET DEFAULT nextval('public.chq_invites_id_seq'::regclass);


--
-- Name: id; Type: DEFAULT; Schema: public; Owner: postgres
--

ALTER TABLE ONLY public.chq_jobs ALTER COLUMN id SET DEFAULT nextval('public.chq_jobs_id_seq'::regclass);


--
-- Name: id; Type: DEFAULT; Schema: public; Owner: postgres
--

ALTER TABLE ONLY public.chq_meta ALTER COLUMN id SET DEFAULT nextval('public.chq_meta_id_seq'::regclass);


--
-- Name: id; Type: DEFAULT; Schema: public; Owner: postgres
--

ALTER TABLE ONLY public.chq_metric_points ALTER COLUMN id SET DEFAULT nextval('public.chq_metric_points_id_seq'::regclass);


--
-- Name: id; Type: DEFAULT; Schema: public; Owner: postgres
--

ALTER TABLE ONLY public.chq_metrics ALTER COLUMN id SET DEFAULT nextval('public.chq_metrics_id_seq'::regclass);


--
-- Name: id; Type: DEFAULT; Schema: public; Owner: postgres
--

ALTER TABLE ONLY public.chq_migrations ALTER COLUMN id SET DEFAULT nextval('public.chq_migrations_id_seq'::regclass);


--
-- Name: id; Type: DEFAULT; Schema: public; Owner: postgres
--

ALTER TABLE ONLY public.chq_schedule_components ALTER COLUMN id SET DEFAULT nextval('public.chq_schedule_components_id_seq'::regclass);


--
-- Name: id; Type: DEFAULT; Schema: public; Owner: postgres
--

ALTER TABLE ONLY public.chq_schedules ALTER COLUMN id SET DEFAULT nextval('public.chq_schedules_id_seq'::regclass);


--
-- Name: id; Type: DEFAULT; Schema: public; Owner: postgres
--

ALTER TABLE ONLY public.chq_settings ALTER COLUMN id SET DEFAULT nextval('public.chq_settings_id_seq'::regclass);


--
-- Name: id; Type: DEFAULT; Schema: public; Owner: postgres
--

ALTER TABLE ONLY public.chq_subscribers ALTER COLUMN id SET DEFAULT nextval('public.chq_subscribers_id_seq'::regclass);


--
-- Name: id; Type: DEFAULT; Schema: public; Owner: postgres
--

ALTER TABLE ONLY public.chq_subscriptions ALTER COLUMN id SET DEFAULT nextval('public.chq_subscriptions_id_seq'::regclass);


--
-- Name: id; Type: DEFAULT; Schema: public; Owner: postgres
--

ALTER TABLE ONLY public.chq_taggables ALTER COLUMN id SET DEFAULT nextval('public.chq_taggables_id_seq'::regclass);


--
-- Name: id; Type: DEFAULT; Schema: public; Owner: postgres
--

ALTER TABLE ONLY public.chq_tags ALTER COLUMN id SET DEFAULT nextval('public.chq_tags_id_seq'::regclass);


--
-- Name: id; Type: DEFAULT; Schema: public; Owner: postgres
--

ALTER TABLE ONLY public.chq_users ALTER COLUMN id SET DEFAULT nextval('public.chq_users_id_seq'::regclass);


--
-- Data for Name: chq_actions; Type: TABLE DATA; Schema: public; Owner: postgres
--

COPY public.chq_actions (id, class_name, user_id, username, information, description, created_at, updated_at) FROM stdin;
1	CachetHQ\\Cachet\\Bus\\Events\\User\\UserLoggedInEvent	1	rdooley	\N	User logged in.	2020-07-15 02:24:25	2020-07-15 02:24:25
2	CachetHQ\\Cachet\\Bus\\Events\\User\\UserWasWelcomedEvent	1	rdooley	\N	User was welcomed.	2020-07-15 02:24:25	2020-07-15 02:24:25
3	CachetHQ\\Cachet\\Bus\\Events\\Component\\ComponentWasCreatedEvent	1	rdooley	\N	Component was added.	2020-07-15 02:45:30	2020-07-15 02:45:30
4	CachetHQ\\Cachet\\Bus\\Events\\Component\\ComponentWasCreatedEvent	1	rdooley	\N	Component was added.	2020-07-15 02:46:21	2020-07-15 02:46:21
5	CachetHQ\\Cachet\\Bus\\Events\\Component\\ComponentWasCreatedEvent	1	rdooley	\N	Component was added.	2020-07-15 02:48:03	2020-07-15 02:48:03
6	CachetHQ\\Cachet\\Bus\\Events\\Component\\ComponentWasCreatedEvent	1	rdooley	\N	Component was added.	2020-07-15 02:48:44	2020-07-15 02:48:44
7	CachetHQ\\Cachet\\Bus\\Events\\Component\\ComponentWasCreatedEvent	1	rdooley	\N	Component was added.	2020-07-15 02:49:59	2020-07-15 02:49:59
8	CachetHQ\\Cachet\\Bus\\Events\\Component\\ComponentWasCreatedEvent	1	rdooley	\N	Component was added.	2020-07-15 02:50:53	2020-07-15 02:50:53
9	CachetHQ\\Cachet\\Bus\\Events\\Component\\ComponentWasCreatedEvent	1	rdooley	\N	Component was added.	2020-07-15 02:51:29	2020-07-15 02:51:29
10	CachetHQ\\Cachet\\Bus\\Events\\Component\\ComponentWasCreatedEvent	1	rdooley	\N	Component was added.	2020-07-15 02:52:54	2020-07-15 02:52:54
11	CachetHQ\\Cachet\\Bus\\Events\\Component\\ComponentWasCreatedEvent	1	rdooley	\N	Component was added.	2020-07-15 02:54:02	2020-07-15 02:54:02
12	CachetHQ\\Cachet\\Bus\\Events\\ComponentGroup\\ComponentGroupWasCreatedEvent	1	rdooley	\N	Component Group was added.	2020-07-15 02:54:51	2020-07-15 02:54:51
13	CachetHQ\\Cachet\\Bus\\Events\\ComponentGroup\\ComponentGroupWasCreatedEvent	1	rdooley	\N	Component Group was added.	2020-07-15 02:55:00	2020-07-15 02:55:00
14	CachetHQ\\Cachet\\Bus\\Events\\ComponentGroup\\ComponentGroupWasCreatedEvent	1	rdooley	\N	Component Group was added.	2020-07-15 02:55:32	2020-07-15 02:55:32
15	CachetHQ\\Cachet\\Bus\\Events\\ComponentGroup\\ComponentGroupWasCreatedEvent	1	rdooley	\N	Component Group was added.	2020-07-15 02:55:52	2020-07-15 02:55:52
16	CachetHQ\\Cachet\\Bus\\Events\\ComponentGroup\\ComponentGroupWasCreatedEvent	1	rdooley	\N	Component Group was added.	2020-07-15 02:55:58	2020-07-15 02:55:58
17	CachetHQ\\Cachet\\Bus\\Events\\Component\\ComponentWasCreatedEvent	1	rdooley	\N	Component was added.	2020-07-15 02:57:41	2020-07-15 02:57:41
18	CachetHQ\\Cachet\\Bus\\Events\\Component\\ComponentWasCreatedEvent	1	rdooley	\N	Component was added.	2020-07-15 02:59:08	2020-07-15 02:59:08
19	CachetHQ\\Cachet\\Bus\\Events\\Component\\ComponentWasCreatedEvent	1	rdooley	\N	Component was added.	2020-07-15 03:00:27	2020-07-15 03:00:27
20	CachetHQ\\Cachet\\Bus\\Events\\ComponentGroup\\ComponentGroupWasCreatedEvent	1	rdooley	\N	Component Group was added.	2020-07-15 03:00:38	2020-07-15 03:00:38
21	CachetHQ\\Cachet\\Bus\\Events\\Component\\ComponentWasUpdatedEvent	1	rdooley	\N	Component was updated.	2020-07-15 03:00:53	2020-07-15 03:00:53
22	CachetHQ\\Cachet\\Bus\\Events\\Component\\ComponentWasUpdatedEvent	1	rdooley	\N	Component was updated.	2020-07-15 03:01:07	2020-07-15 03:01:07
23	CachetHQ\\Cachet\\Bus\\Events\\Component\\ComponentWasUpdatedEvent	1	rdooley	\N	Component was updated.	2020-07-15 03:01:17	2020-07-15 03:01:17
24	CachetHQ\\Cachet\\Bus\\Events\\Component\\ComponentWasUpdatedEvent	1	rdooley	\N	Component was updated.	2020-07-15 03:01:33	2020-07-15 03:01:33
25	CachetHQ\\Cachet\\Bus\\Events\\ComponentGroup\\ComponentGroupWasUpdatedEvent	1	rdooley	\N	Component Group was updated.	2020-07-15 03:01:53	2020-07-15 03:01:53
26	CachetHQ\\Cachet\\Bus\\Events\\Component\\ComponentWasUpdatedEvent	1	rdooley	\N	Component was updated.	2020-07-15 03:02:08	2020-07-15 03:02:08
27	CachetHQ\\Cachet\\Bus\\Events\\ComponentGroup\\ComponentGroupWasCreatedEvent	1	rdooley	\N	Component Group was added.	2020-07-15 03:03:07	2020-07-15 03:03:07
28	CachetHQ\\Cachet\\Bus\\Events\\Component\\ComponentWasUpdatedEvent	1	rdooley	\N	Component was updated.	2020-07-15 03:03:21	2020-07-15 03:03:21
29	CachetHQ\\Cachet\\Bus\\Events\\Component\\ComponentWasUpdatedEvent	1	rdooley	\N	Component was updated.	2020-07-15 03:03:35	2020-07-15 03:03:35
30	CachetHQ\\Cachet\\Bus\\Events\\Component\\ComponentWasUpdatedEvent	1	rdooley	\N	Component was updated.	2020-07-15 03:03:59	2020-07-15 03:03:59
31	CachetHQ\\Cachet\\Bus\\Events\\ComponentGroup\\ComponentGroupWasCreatedEvent	1	rdooley	\N	Component Group was added.	2020-07-15 03:04:42	2020-07-15 03:04:42
32	CachetHQ\\Cachet\\Bus\\Events\\Component\\ComponentWasUpdatedEvent	1	rdooley	\N	Component was updated.	2020-07-15 03:05:04	2020-07-15 03:05:04
33	CachetHQ\\Cachet\\Bus\\Events\\Component\\ComponentWasUpdatedEvent	1	rdooley	\N	Component was updated.	2020-07-15 03:05:45	2020-07-15 03:05:45
34	CachetHQ\\Cachet\\Bus\\Events\\Component\\ComponentWasUpdatedEvent	1	rdooley	\N	Component was updated.	2020-07-15 03:06:03	2020-07-15 03:06:03
35	CachetHQ\\Cachet\\Bus\\Events\\Component\\ComponentWasUpdatedEvent	1	rdooley	\N	Component was updated.	2020-07-15 03:06:21	2020-07-15 03:06:21
36	CachetHQ\\Cachet\\Bus\\Events\\Component\\ComponentWasUpdatedEvent	1	rdooley	\N	Component was updated.	2020-07-15 03:06:43	2020-07-15 03:06:43
37	CachetHQ\\Cachet\\Bus\\Events\\Component\\ComponentWasUpdatedEvent	1	rdooley	\N	Component was updated.	2020-07-15 03:08:13	2020-07-15 03:08:13
38	CachetHQ\\Cachet\\Bus\\Events\\Component\\ComponentWasUpdatedEvent	1	rdooley	\N	Component was updated.	2020-07-15 03:08:40	2020-07-15 03:08:40
39	CachetHQ\\Cachet\\Bus\\Events\\Component\\ComponentWasUpdatedEvent	1	rdooley	\N	Component was updated.	2020-07-15 03:08:40	2020-07-15 03:08:40
40	CachetHQ\\Cachet\\Bus\\Events\\Component\\ComponentWasUpdatedEvent	1	rdooley	\N	Component was updated.	2020-07-15 03:08:40	2020-07-15 03:08:40
41	CachetHQ\\Cachet\\Bus\\Events\\Component\\ComponentWasUpdatedEvent	1	rdooley	\N	Component was updated.	2020-07-15 03:08:40	2020-07-15 03:08:40
42	CachetHQ\\Cachet\\Bus\\Events\\Component\\ComponentWasUpdatedEvent	1	rdooley	\N	Component was updated.	2020-07-15 03:08:40	2020-07-15 03:08:40
43	CachetHQ\\Cachet\\Bus\\Events\\Component\\ComponentWasUpdatedEvent	1	rdooley	\N	Component was updated.	2020-07-15 03:08:40	2020-07-15 03:08:40
44	CachetHQ\\Cachet\\Bus\\Events\\Component\\ComponentWasUpdatedEvent	1	rdooley	\N	Component was updated.	2020-07-15 03:08:40	2020-07-15 03:08:40
45	CachetHQ\\Cachet\\Bus\\Events\\Component\\ComponentWasUpdatedEvent	1	rdooley	\N	Component was updated.	2020-07-15 03:08:40	2020-07-15 03:08:40
46	CachetHQ\\Cachet\\Bus\\Events\\Component\\ComponentWasUpdatedEvent	1	rdooley	\N	Component was updated.	2020-07-15 03:08:40	2020-07-15 03:08:40
47	CachetHQ\\Cachet\\Bus\\Events\\Component\\ComponentWasUpdatedEvent	1	rdooley	\N	Component was updated.	2020-07-15 03:08:40	2020-07-15 03:08:40
48	CachetHQ\\Cachet\\Bus\\Events\\Component\\ComponentWasUpdatedEvent	1	rdooley	\N	Component was updated.	2020-07-15 03:08:40	2020-07-15 03:08:40
49	CachetHQ\\Cachet\\Bus\\Events\\Component\\ComponentWasUpdatedEvent	1	rdooley	\N	Component was updated.	2020-07-15 03:08:40	2020-07-15 03:08:40
50	CachetHQ\\Cachet\\Bus\\Events\\Component\\ComponentWasUpdatedEvent	1	rdooley	\N	Component was updated.	2020-07-15 03:08:54	2020-07-15 03:08:54
51	CachetHQ\\Cachet\\Bus\\Events\\Component\\ComponentWasUpdatedEvent	1	rdooley	\N	Component was updated.	2020-07-15 03:08:54	2020-07-15 03:08:54
52	CachetHQ\\Cachet\\Bus\\Events\\Component\\ComponentWasUpdatedEvent	1	rdooley	\N	Component was updated.	2020-07-15 03:08:54	2020-07-15 03:08:54
53	CachetHQ\\Cachet\\Bus\\Events\\Component\\ComponentWasUpdatedEvent	1	rdooley	\N	Component was updated.	2020-07-15 03:08:54	2020-07-15 03:08:54
54	CachetHQ\\Cachet\\Bus\\Events\\Component\\ComponentWasUpdatedEvent	1	rdooley	\N	Component was updated.	2020-07-15 03:08:54	2020-07-15 03:08:54
55	CachetHQ\\Cachet\\Bus\\Events\\Component\\ComponentWasUpdatedEvent	1	rdooley	\N	Component was updated.	2020-07-15 03:08:54	2020-07-15 03:08:54
56	CachetHQ\\Cachet\\Bus\\Events\\Component\\ComponentWasUpdatedEvent	1	rdooley	\N	Component was updated.	2020-07-15 03:08:54	2020-07-15 03:08:54
57	CachetHQ\\Cachet\\Bus\\Events\\Component\\ComponentWasUpdatedEvent	1	rdooley	\N	Component was updated.	2020-07-15 03:08:54	2020-07-15 03:08:54
58	CachetHQ\\Cachet\\Bus\\Events\\Component\\ComponentWasUpdatedEvent	1	rdooley	\N	Component was updated.	2020-07-15 03:08:54	2020-07-15 03:08:54
59	CachetHQ\\Cachet\\Bus\\Events\\Component\\ComponentWasUpdatedEvent	1	rdooley	\N	Component was updated.	2020-07-15 03:08:54	2020-07-15 03:08:54
60	CachetHQ\\Cachet\\Bus\\Events\\Component\\ComponentWasUpdatedEvent	1	rdooley	\N	Component was updated.	2020-07-15 03:08:54	2020-07-15 03:08:54
61	CachetHQ\\Cachet\\Bus\\Events\\Component\\ComponentWasUpdatedEvent	1	rdooley	\N	Component was updated.	2020-07-15 03:08:54	2020-07-15 03:08:54
62	CachetHQ\\Cachet\\Bus\\Events\\Component\\ComponentWasCreatedEvent	1	rdooley	\N	Component was added.	2020-07-15 03:10:00	2020-07-15 03:10:00
63	CachetHQ\\Cachet\\Bus\\Events\\Component\\ComponentWasUpdatedEvent	1	rdooley	\N	Component was updated.	2020-07-15 03:10:10	2020-07-15 03:10:10
64	CachetHQ\\Cachet\\Bus\\Events\\Component\\ComponentWasUpdatedEvent	1	rdooley	\N	Component was updated.	2020-07-15 03:10:10	2020-07-15 03:10:10
65	CachetHQ\\Cachet\\Bus\\Events\\Component\\ComponentWasUpdatedEvent	1	rdooley	\N	Component was updated.	2020-07-15 03:10:10	2020-07-15 03:10:10
66	CachetHQ\\Cachet\\Bus\\Events\\Component\\ComponentWasUpdatedEvent	1	rdooley	\N	Component was updated.	2020-07-15 03:10:10	2020-07-15 03:10:10
67	CachetHQ\\Cachet\\Bus\\Events\\Component\\ComponentWasUpdatedEvent	1	rdooley	\N	Component was updated.	2020-07-15 03:10:10	2020-07-15 03:10:10
68	CachetHQ\\Cachet\\Bus\\Events\\Component\\ComponentWasUpdatedEvent	1	rdooley	\N	Component was updated.	2020-07-15 03:10:10	2020-07-15 03:10:10
69	CachetHQ\\Cachet\\Bus\\Events\\Component\\ComponentWasUpdatedEvent	1	rdooley	\N	Component was updated.	2020-07-15 03:10:10	2020-07-15 03:10:10
70	CachetHQ\\Cachet\\Bus\\Events\\Component\\ComponentWasUpdatedEvent	1	rdooley	\N	Component was updated.	2020-07-15 03:10:10	2020-07-15 03:10:10
71	CachetHQ\\Cachet\\Bus\\Events\\Component\\ComponentWasUpdatedEvent	1	rdooley	\N	Component was updated.	2020-07-15 03:10:10	2020-07-15 03:10:10
72	CachetHQ\\Cachet\\Bus\\Events\\Component\\ComponentWasUpdatedEvent	1	rdooley	\N	Component was updated.	2020-07-15 03:10:10	2020-07-15 03:10:10
73	CachetHQ\\Cachet\\Bus\\Events\\Component\\ComponentWasUpdatedEvent	1	rdooley	\N	Component was updated.	2020-07-15 03:10:10	2020-07-15 03:10:10
74	CachetHQ\\Cachet\\Bus\\Events\\Component\\ComponentWasUpdatedEvent	1	rdooley	\N	Component was updated.	2020-07-15 03:10:10	2020-07-15 03:10:10
75	CachetHQ\\Cachet\\Bus\\Events\\Component\\ComponentWasUpdatedEvent	1	rdooley	\N	Component was updated.	2020-07-15 03:10:11	2020-07-15 03:10:11
76	CachetHQ\\Cachet\\Bus\\Events\\Component\\ComponentWasCreatedEvent	1	rdooley	\N	Component was added.	2020-07-15 03:12:26	2020-07-15 03:12:26
77	CachetHQ\\Cachet\\Bus\\Events\\Component\\ComponentWasUpdatedEvent	1	rdooley	\N	Component was updated.	2020-07-15 03:12:33	2020-07-15 03:12:33
78	CachetHQ\\Cachet\\Bus\\Events\\Component\\ComponentWasUpdatedEvent	1	rdooley	\N	Component was updated.	2020-07-15 03:12:33	2020-07-15 03:12:33
79	CachetHQ\\Cachet\\Bus\\Events\\Component\\ComponentWasUpdatedEvent	1	rdooley	\N	Component was updated.	2020-07-15 03:12:33	2020-07-15 03:12:33
80	CachetHQ\\Cachet\\Bus\\Events\\Component\\ComponentWasUpdatedEvent	1	rdooley	\N	Component was updated.	2020-07-15 03:12:33	2020-07-15 03:12:33
81	CachetHQ\\Cachet\\Bus\\Events\\Component\\ComponentWasUpdatedEvent	1	rdooley	\N	Component was updated.	2020-07-15 03:12:33	2020-07-15 03:12:33
82	CachetHQ\\Cachet\\Bus\\Events\\Component\\ComponentWasUpdatedEvent	1	rdooley	\N	Component was updated.	2020-07-15 03:12:33	2020-07-15 03:12:33
83	CachetHQ\\Cachet\\Bus\\Events\\Component\\ComponentWasUpdatedEvent	1	rdooley	\N	Component was updated.	2020-07-15 03:12:33	2020-07-15 03:12:33
84	CachetHQ\\Cachet\\Bus\\Events\\Component\\ComponentWasUpdatedEvent	1	rdooley	\N	Component was updated.	2020-07-15 03:12:33	2020-07-15 03:12:33
85	CachetHQ\\Cachet\\Bus\\Events\\Component\\ComponentWasUpdatedEvent	1	rdooley	\N	Component was updated.	2020-07-15 03:12:33	2020-07-15 03:12:33
86	CachetHQ\\Cachet\\Bus\\Events\\Component\\ComponentWasUpdatedEvent	1	rdooley	\N	Component was updated.	2020-07-15 03:12:33	2020-07-15 03:12:33
87	CachetHQ\\Cachet\\Bus\\Events\\Component\\ComponentWasUpdatedEvent	1	rdooley	\N	Component was updated.	2020-07-15 03:12:33	2020-07-15 03:12:33
88	CachetHQ\\Cachet\\Bus\\Events\\Component\\ComponentWasUpdatedEvent	1	rdooley	\N	Component was updated.	2020-07-15 03:12:33	2020-07-15 03:12:33
89	CachetHQ\\Cachet\\Bus\\Events\\Component\\ComponentWasUpdatedEvent	1	rdooley	\N	Component was updated.	2020-07-15 03:12:33	2020-07-15 03:12:33
90	CachetHQ\\Cachet\\Bus\\Events\\Component\\ComponentWasUpdatedEvent	1	rdooley	\N	Component was updated.	2020-07-15 03:12:33	2020-07-15 03:12:33
91	CachetHQ\\Cachet\\Bus\\Events\\Component\\ComponentWasUpdatedEvent	1	rdooley	\N	Component was updated.	2020-07-15 03:12:37	2020-07-15 03:12:37
92	CachetHQ\\Cachet\\Bus\\Events\\Component\\ComponentWasUpdatedEvent	1	rdooley	\N	Component was updated.	2020-07-15 03:12:37	2020-07-15 03:12:37
93	CachetHQ\\Cachet\\Bus\\Events\\Component\\ComponentWasUpdatedEvent	1	rdooley	\N	Component was updated.	2020-07-15 03:12:37	2020-07-15 03:12:37
94	CachetHQ\\Cachet\\Bus\\Events\\Component\\ComponentWasUpdatedEvent	1	rdooley	\N	Component was updated.	2020-07-15 03:12:37	2020-07-15 03:12:37
95	CachetHQ\\Cachet\\Bus\\Events\\Component\\ComponentWasUpdatedEvent	1	rdooley	\N	Component was updated.	2020-07-15 03:12:37	2020-07-15 03:12:37
96	CachetHQ\\Cachet\\Bus\\Events\\Component\\ComponentWasUpdatedEvent	1	rdooley	\N	Component was updated.	2020-07-15 03:12:37	2020-07-15 03:12:37
97	CachetHQ\\Cachet\\Bus\\Events\\Component\\ComponentWasUpdatedEvent	1	rdooley	\N	Component was updated.	2020-07-15 03:12:37	2020-07-15 03:12:37
98	CachetHQ\\Cachet\\Bus\\Events\\Component\\ComponentWasUpdatedEvent	1	rdooley	\N	Component was updated.	2020-07-15 03:12:37	2020-07-15 03:12:37
99	CachetHQ\\Cachet\\Bus\\Events\\Component\\ComponentWasUpdatedEvent	1	rdooley	\N	Component was updated.	2020-07-15 03:12:37	2020-07-15 03:12:37
100	CachetHQ\\Cachet\\Bus\\Events\\Component\\ComponentWasUpdatedEvent	1	rdooley	\N	Component was updated.	2020-07-15 03:12:37	2020-07-15 03:12:37
101	CachetHQ\\Cachet\\Bus\\Events\\Component\\ComponentWasUpdatedEvent	1	rdooley	\N	Component was updated.	2020-07-15 03:12:37	2020-07-15 03:12:37
102	CachetHQ\\Cachet\\Bus\\Events\\Component\\ComponentWasUpdatedEvent	1	rdooley	\N	Component was updated.	2020-07-15 03:12:37	2020-07-15 03:12:37
103	CachetHQ\\Cachet\\Bus\\Events\\Component\\ComponentWasUpdatedEvent	1	rdooley	\N	Component was updated.	2020-07-15 03:12:37	2020-07-15 03:12:37
104	CachetHQ\\Cachet\\Bus\\Events\\Component\\ComponentWasUpdatedEvent	1	rdooley	\N	Component was updated.	2020-07-15 03:12:37	2020-07-15 03:12:37
105	CachetHQ\\Cachet\\Bus\\Events\\Component\\ComponentWasUpdatedEvent	1	rdooley	\N	Component was updated.	2020-07-15 03:12:42	2020-07-15 03:12:42
106	CachetHQ\\Cachet\\Bus\\Events\\Component\\ComponentWasUpdatedEvent	1	rdooley	\N	Component was updated.	2020-07-15 03:12:42	2020-07-15 03:12:42
107	CachetHQ\\Cachet\\Bus\\Events\\Component\\ComponentWasUpdatedEvent	1	rdooley	\N	Component was updated.	2020-07-15 03:12:42	2020-07-15 03:12:42
108	CachetHQ\\Cachet\\Bus\\Events\\Component\\ComponentWasUpdatedEvent	1	rdooley	\N	Component was updated.	2020-07-15 03:12:42	2020-07-15 03:12:42
109	CachetHQ\\Cachet\\Bus\\Events\\Component\\ComponentWasUpdatedEvent	1	rdooley	\N	Component was updated.	2020-07-15 03:12:42	2020-07-15 03:12:42
110	CachetHQ\\Cachet\\Bus\\Events\\Component\\ComponentWasUpdatedEvent	1	rdooley	\N	Component was updated.	2020-07-15 03:12:42	2020-07-15 03:12:42
111	CachetHQ\\Cachet\\Bus\\Events\\Component\\ComponentWasUpdatedEvent	1	rdooley	\N	Component was updated.	2020-07-15 03:12:42	2020-07-15 03:12:42
112	CachetHQ\\Cachet\\Bus\\Events\\Component\\ComponentWasUpdatedEvent	1	rdooley	\N	Component was updated.	2020-07-15 03:12:42	2020-07-15 03:12:42
113	CachetHQ\\Cachet\\Bus\\Events\\Component\\ComponentWasUpdatedEvent	1	rdooley	\N	Component was updated.	2020-07-15 03:12:42	2020-07-15 03:12:42
114	CachetHQ\\Cachet\\Bus\\Events\\Component\\ComponentWasUpdatedEvent	1	rdooley	\N	Component was updated.	2020-07-15 03:12:42	2020-07-15 03:12:42
115	CachetHQ\\Cachet\\Bus\\Events\\Component\\ComponentWasUpdatedEvent	1	rdooley	\N	Component was updated.	2020-07-15 03:12:42	2020-07-15 03:12:42
116	CachetHQ\\Cachet\\Bus\\Events\\Component\\ComponentWasUpdatedEvent	1	rdooley	\N	Component was updated.	2020-07-15 03:12:42	2020-07-15 03:12:42
117	CachetHQ\\Cachet\\Bus\\Events\\Component\\ComponentWasUpdatedEvent	1	rdooley	\N	Component was updated.	2020-07-15 03:12:42	2020-07-15 03:12:42
118	CachetHQ\\Cachet\\Bus\\Events\\Component\\ComponentWasUpdatedEvent	1	rdooley	\N	Component was updated.	2020-07-15 03:12:42	2020-07-15 03:12:42
119	CachetHQ\\Cachet\\Bus\\Events\\Component\\ComponentWasUpdatedEvent	1	rdooley	\N	Component was updated.	2020-07-15 03:12:46	2020-07-15 03:12:46
120	CachetHQ\\Cachet\\Bus\\Events\\Component\\ComponentWasUpdatedEvent	1	rdooley	\N	Component was updated.	2020-07-15 03:12:46	2020-07-15 03:12:46
121	CachetHQ\\Cachet\\Bus\\Events\\Component\\ComponentWasUpdatedEvent	1	rdooley	\N	Component was updated.	2020-07-15 03:12:46	2020-07-15 03:12:46
122	CachetHQ\\Cachet\\Bus\\Events\\Component\\ComponentWasUpdatedEvent	1	rdooley	\N	Component was updated.	2020-07-15 03:12:47	2020-07-15 03:12:47
123	CachetHQ\\Cachet\\Bus\\Events\\Component\\ComponentWasUpdatedEvent	1	rdooley	\N	Component was updated.	2020-07-15 03:12:47	2020-07-15 03:12:47
124	CachetHQ\\Cachet\\Bus\\Events\\Component\\ComponentWasUpdatedEvent	1	rdooley	\N	Component was updated.	2020-07-15 03:12:47	2020-07-15 03:12:47
125	CachetHQ\\Cachet\\Bus\\Events\\Component\\ComponentWasUpdatedEvent	1	rdooley	\N	Component was updated.	2020-07-15 03:12:47	2020-07-15 03:12:47
126	CachetHQ\\Cachet\\Bus\\Events\\Component\\ComponentWasUpdatedEvent	1	rdooley	\N	Component was updated.	2020-07-15 03:12:47	2020-07-15 03:12:47
127	CachetHQ\\Cachet\\Bus\\Events\\Component\\ComponentWasUpdatedEvent	1	rdooley	\N	Component was updated.	2020-07-15 03:12:47	2020-07-15 03:12:47
128	CachetHQ\\Cachet\\Bus\\Events\\Component\\ComponentWasUpdatedEvent	1	rdooley	\N	Component was updated.	2020-07-15 03:12:47	2020-07-15 03:12:47
129	CachetHQ\\Cachet\\Bus\\Events\\Component\\ComponentWasUpdatedEvent	1	rdooley	\N	Component was updated.	2020-07-15 03:12:47	2020-07-15 03:12:47
130	CachetHQ\\Cachet\\Bus\\Events\\Component\\ComponentWasUpdatedEvent	1	rdooley	\N	Component was updated.	2020-07-15 03:12:47	2020-07-15 03:12:47
131	CachetHQ\\Cachet\\Bus\\Events\\Component\\ComponentWasUpdatedEvent	1	rdooley	\N	Component was updated.	2020-07-15 03:12:47	2020-07-15 03:12:47
132	CachetHQ\\Cachet\\Bus\\Events\\Component\\ComponentWasUpdatedEvent	1	rdooley	\N	Component was updated.	2020-07-15 03:12:47	2020-07-15 03:12:47
133	CachetHQ\\Cachet\\Bus\\Events\\Component\\ComponentWasCreatedEvent	1	rdooley	\N	Component was added.	2020-07-15 03:13:43	2020-07-15 03:13:43
134	CachetHQ\\Cachet\\Bus\\Events\\Component\\ComponentWasCreatedEvent	1	rdooley	\N	Component was added.	2020-07-15 03:15:55	2020-07-15 03:15:55
135	CachetHQ\\Cachet\\Bus\\Events\\Component\\ComponentWasCreatedEvent	1	rdooley	\N	Component was added.	2020-07-15 03:17:09	2020-07-15 03:17:09
136	CachetHQ\\Cachet\\Bus\\Events\\Metric\\MetricWasCreatedEvent	1	rdooley	\N	Metric was added.	2020-07-15 06:17:40	2020-07-15 06:17:40
137	CachetHQ\\Cachet\\Bus\\Events\\Metric\\MetricWasCreatedEvent	1	rdooley	\N	Metric was added.	2020-07-15 06:18:20	2020-07-15 06:18:20
138	CachetHQ\\Cachet\\Bus\\Events\\Metric\\MetricWasUpdatedEvent	1	rdooley	\N	Metric was updated.	2020-07-15 06:18:46	2020-07-15 06:18:46
139	CachetHQ\\Cachet\\Bus\\Events\\Metric\\MetricWasUpdatedEvent	1	rdooley	\N	Metric was updated.	2020-07-15 06:18:57	2020-07-15 06:18:57
140	CachetHQ\\Cachet\\Bus\\Events\\Component\\ComponentWasUpdatedEvent	1	rdooley	\N	Component was updated.	2020-07-15 06:22:53	2020-07-15 06:22:53
141	CachetHQ\\Cachet\\Bus\\Events\\Component\\ComponentStatusWasChangedEvent	1	rdooley	\N	Component status was changed.	2020-07-15 06:29:34	2020-07-15 06:29:34
142	CachetHQ\\Cachet\\Bus\\Events\\Component\\ComponentWasUpdatedEvent	1	rdooley	\N	Component was updated.	2020-07-15 06:29:34	2020-07-15 06:29:34
143	CachetHQ\\Cachet\\Bus\\Events\\Component\\ComponentStatusWasChangedEvent	1	rdooley	\N	Component status was changed.	2020-07-15 06:29:56	2020-07-15 06:29:56
144	CachetHQ\\Cachet\\Bus\\Events\\Component\\ComponentWasUpdatedEvent	1	rdooley	\N	Component was updated.	2020-07-15 06:29:56	2020-07-15 06:29:56
145	CachetHQ\\Cachet\\Bus\\Events\\Component\\ComponentStatusWasChangedEvent	1	rdooley	\N	Component status was changed.	2020-07-15 06:29:57	2020-07-15 06:29:57
146	CachetHQ\\Cachet\\Bus\\Events\\Component\\ComponentWasUpdatedEvent	1	rdooley	\N	Component was updated.	2020-07-15 06:29:57	2020-07-15 06:29:57
147	CachetHQ\\Cachet\\Bus\\Events\\Component\\ComponentStatusWasChangedEvent	1	rdooley	\N	Component status was changed.	2020-07-15 06:30:00	2020-07-15 06:30:00
148	CachetHQ\\Cachet\\Bus\\Events\\Component\\ComponentWasUpdatedEvent	1	rdooley	\N	Component was updated.	2020-07-15 06:30:00	2020-07-15 06:30:00
149	CachetHQ\\Cachet\\Bus\\Events\\Component\\ComponentStatusWasChangedEvent	1	rdooley	\N	Component status was changed.	2020-07-15 06:30:01	2020-07-15 06:30:01
150	CachetHQ\\Cachet\\Bus\\Events\\Component\\ComponentWasUpdatedEvent	1	rdooley	\N	Component was updated.	2020-07-15 06:30:01	2020-07-15 06:30:01
151	CachetHQ\\Cachet\\Bus\\Events\\ComponentGroup\\ComponentGroupWasUpdatedEvent	1	rdooley	\N	Component Group was updated.	2020-07-15 06:32:27	2020-07-15 06:32:27
152	CachetHQ\\Cachet\\Bus\\Events\\Component\\ComponentWasUpdatedEvent	1	rdooley	\N	Component was updated.	2020-07-15 06:34:27	2020-07-15 06:34:27
153	CachetHQ\\Cachet\\Bus\\Events\\ComponentGroup\\ComponentGroupWasUpdatedEvent	1	rdooley	\N	Component Group was updated.	2020-07-15 06:34:48	2020-07-15 06:34:48
154	CachetHQ\\Cachet\\Bus\\Events\\Component\\ComponentWasCreatedEvent	1	rdooley	\N	Component was added.	2020-07-15 06:36:44	2020-07-15 06:36:44
155	CachetHQ\\Cachet\\Bus\\Events\\Component\\ComponentWasUpdatedEvent	1	rdooley	\N	Component was updated.	2020-07-15 06:38:45	2020-07-15 06:38:45
156	CachetHQ\\Cachet\\Bus\\Events\\Component\\ComponentWasUpdatedEvent	1	rdooley	\N	Component was updated.	2020-07-15 06:39:20	2020-07-15 06:39:20
157	CachetHQ\\Cachet\\Bus\\Events\\Metric\\MetricWasUpdatedEvent	1	rdooley	\N	Metric was updated.	2020-07-15 06:42:45	2020-07-15 06:42:45
158	CachetHQ\\Cachet\\Bus\\Events\\Metric\\MetricWasUpdatedEvent	1	rdooley	\N	Metric was updated.	2020-07-15 06:43:21	2020-07-15 06:43:21
159	CachetHQ\\Cachet\\Bus\\Events\\Metric\\MetricWasCreatedEvent	1	rdooley	\N	Metric was added.	2020-07-15 06:44:41	2020-07-15 06:44:41
160	CachetHQ\\Cachet\\Bus\\Events\\Metric\\MetricWasCreatedEvent	1	rdooley	\N	Metric was added.	2020-07-15 06:46:00	2020-07-15 06:46:00
161	CachetHQ\\Cachet\\Bus\\Events\\Schedule\\ScheduleWasUpdatedEvent	1	rdooley	\N	Schedule was updated.	2020-07-15 06:49:41	2020-07-15 06:49:41
162	CachetHQ\\Cachet\\Bus\\Events\\Component\\ComponentWasUpdatedEvent	1	rdooley	\N	Component was updated.	2020-07-15 06:52:13	2020-07-15 06:52:13
163	CachetHQ\\Cachet\\Bus\\Events\\Incident\\IncidentWasCreatedEvent	1	rdooley	\N	Incident was reported.	2020-07-15 06:52:13	2020-07-15 06:52:13
164	CachetHQ\\Cachet\\Bus\\Events\\Incident\\IncidentWasUpdatedEvent	1	rdooley	\N	Incident was updated.	2020-07-15 06:53:29	2020-07-15 06:53:29
165	CachetHQ\\Cachet\\Bus\\Events\\IncidentUpdate\\IncidentUpdateWasReportedEvent	1	rdooley	\N	Incident Update was reported.	2020-07-15 06:53:29	2020-07-15 06:53:29
166	CachetHQ\\Cachet\\Bus\\Events\\Incident\\IncidentWasUpdatedEvent	1	rdooley	\N	Incident was updated.	2020-07-15 06:53:53	2020-07-15 06:53:53
167	CachetHQ\\Cachet\\Bus\\Events\\IncidentUpdate\\IncidentUpdateWasReportedEvent	1	rdooley	\N	Incident Update was reported.	2020-07-15 06:53:53	2020-07-15 06:53:53
168	CachetHQ\\Cachet\\Bus\\Events\\Component\\ComponentWasUpdatedEvent	1	rdooley	\N	Component was updated.	2020-07-15 06:55:41	2020-07-15 06:55:41
169	CachetHQ\\Cachet\\Bus\\Events\\Component\\ComponentWasUpdatedEvent	1	rdooley	\N	Component was updated.	2020-07-15 06:55:50	2020-07-15 06:55:50
170	CachetHQ\\Cachet\\Bus\\Events\\Component\\ComponentWasUpdatedEvent	1	rdooley	\N	Component was updated.	2020-07-15 06:56:04	2020-07-15 06:56:04
171	CachetHQ\\Cachet\\Bus\\Events\\Component\\ComponentWasUpdatedEvent	1	rdooley	\N	Component was updated.	2020-07-15 06:56:06	2020-07-15 06:56:06
172	CachetHQ\\Cachet\\Bus\\Events\\Component\\ComponentWasUpdatedEvent	1	rdooley	\N	Component was updated.	2020-07-15 06:57:14	2020-07-15 06:57:14
173	CachetHQ\\Cachet\\Bus\\Events\\ComponentGroup\\ComponentGroupWasUpdatedEvent	1	rdooley	\N	Component Group was updated.	2020-07-15 07:00:22	2020-07-15 07:00:22
174	CachetHQ\\Cachet\\Bus\\Events\\ComponentGroup\\ComponentGroupWasUpdatedEvent	1	rdooley	\N	Component Group was updated.	2020-07-15 07:00:22	2020-07-15 07:00:22
175	CachetHQ\\Cachet\\Bus\\Events\\ComponentGroup\\ComponentGroupWasUpdatedEvent	1	rdooley	\N	Component Group was updated.	2020-07-15 07:00:22	2020-07-15 07:00:22
176	CachetHQ\\Cachet\\Bus\\Events\\ComponentGroup\\ComponentGroupWasUpdatedEvent	1	rdooley	\N	Component Group was updated.	2020-07-15 07:00:22	2020-07-15 07:00:22
177	CachetHQ\\Cachet\\Bus\\Events\\ComponentGroup\\ComponentGroupWasUpdatedEvent	1	rdooley	\N	Component Group was updated.	2020-07-15 07:00:22	2020-07-15 07:00:22
178	CachetHQ\\Cachet\\Bus\\Events\\ComponentGroup\\ComponentGroupWasUpdatedEvent	1	rdooley	\N	Component Group was updated.	2020-07-15 07:00:22	2020-07-15 07:00:22
179	CachetHQ\\Cachet\\Bus\\Events\\ComponentGroup\\ComponentGroupWasUpdatedEvent	1	rdooley	\N	Component Group was updated.	2020-07-15 07:00:22	2020-07-15 07:00:22
180	CachetHQ\\Cachet\\Bus\\Events\\ComponentGroup\\ComponentGroupWasUpdatedEvent	1	rdooley	\N	Component Group was updated.	2020-07-15 07:00:22	2020-07-15 07:00:22
181	CachetHQ\\Cachet\\Bus\\Events\\ComponentGroup\\ComponentGroupWasUpdatedEvent	1	rdooley	\N	Component Group was updated.	2020-07-15 07:00:26	2020-07-15 07:00:26
182	CachetHQ\\Cachet\\Bus\\Events\\ComponentGroup\\ComponentGroupWasUpdatedEvent	1	rdooley	\N	Component Group was updated.	2020-07-15 07:00:26	2020-07-15 07:00:26
183	CachetHQ\\Cachet\\Bus\\Events\\ComponentGroup\\ComponentGroupWasUpdatedEvent	1	rdooley	\N	Component Group was updated.	2020-07-15 07:00:26	2020-07-15 07:00:26
184	CachetHQ\\Cachet\\Bus\\Events\\ComponentGroup\\ComponentGroupWasUpdatedEvent	1	rdooley	\N	Component Group was updated.	2020-07-15 07:00:26	2020-07-15 07:00:26
185	CachetHQ\\Cachet\\Bus\\Events\\ComponentGroup\\ComponentGroupWasUpdatedEvent	1	rdooley	\N	Component Group was updated.	2020-07-15 07:00:26	2020-07-15 07:00:26
186	CachetHQ\\Cachet\\Bus\\Events\\ComponentGroup\\ComponentGroupWasUpdatedEvent	1	rdooley	\N	Component Group was updated.	2020-07-15 07:00:26	2020-07-15 07:00:26
187	CachetHQ\\Cachet\\Bus\\Events\\ComponentGroup\\ComponentGroupWasUpdatedEvent	1	rdooley	\N	Component Group was updated.	2020-07-15 07:00:26	2020-07-15 07:00:26
188	CachetHQ\\Cachet\\Bus\\Events\\ComponentGroup\\ComponentGroupWasUpdatedEvent	1	rdooley	\N	Component Group was updated.	2020-07-15 07:00:26	2020-07-15 07:00:26
189	CachetHQ\\Cachet\\Bus\\Events\\ComponentGroup\\ComponentGroupWasUpdatedEvent	1	rdooley	\N	Component Group was updated.	2020-07-15 07:00:35	2020-07-15 07:00:35
190	CachetHQ\\Cachet\\Bus\\Events\\ComponentGroup\\ComponentGroupWasUpdatedEvent	1	rdooley	\N	Component Group was updated.	2020-07-15 07:00:35	2020-07-15 07:00:35
191	CachetHQ\\Cachet\\Bus\\Events\\ComponentGroup\\ComponentGroupWasUpdatedEvent	1	rdooley	\N	Component Group was updated.	2020-07-15 07:00:35	2020-07-15 07:00:35
192	CachetHQ\\Cachet\\Bus\\Events\\ComponentGroup\\ComponentGroupWasUpdatedEvent	1	rdooley	\N	Component Group was updated.	2020-07-15 07:00:35	2020-07-15 07:00:35
193	CachetHQ\\Cachet\\Bus\\Events\\ComponentGroup\\ComponentGroupWasUpdatedEvent	1	rdooley	\N	Component Group was updated.	2020-07-15 07:00:35	2020-07-15 07:00:35
194	CachetHQ\\Cachet\\Bus\\Events\\ComponentGroup\\ComponentGroupWasUpdatedEvent	1	rdooley	\N	Component Group was updated.	2020-07-15 07:00:35	2020-07-15 07:00:35
195	CachetHQ\\Cachet\\Bus\\Events\\ComponentGroup\\ComponentGroupWasUpdatedEvent	1	rdooley	\N	Component Group was updated.	2020-07-15 07:00:35	2020-07-15 07:00:35
196	CachetHQ\\Cachet\\Bus\\Events\\ComponentGroup\\ComponentGroupWasUpdatedEvent	1	rdooley	\N	Component Group was updated.	2020-07-15 07:00:35	2020-07-15 07:00:35
197	CachetHQ\\Cachet\\Bus\\Events\\ComponentGroup\\ComponentGroupWasUpdatedEvent	1	rdooley	\N	Component Group was updated.	2020-07-15 07:00:38	2020-07-15 07:00:38
198	CachetHQ\\Cachet\\Bus\\Events\\ComponentGroup\\ComponentGroupWasUpdatedEvent	1	rdooley	\N	Component Group was updated.	2020-07-15 07:00:38	2020-07-15 07:00:38
199	CachetHQ\\Cachet\\Bus\\Events\\ComponentGroup\\ComponentGroupWasUpdatedEvent	1	rdooley	\N	Component Group was updated.	2020-07-15 07:00:38	2020-07-15 07:00:38
200	CachetHQ\\Cachet\\Bus\\Events\\ComponentGroup\\ComponentGroupWasUpdatedEvent	1	rdooley	\N	Component Group was updated.	2020-07-15 07:00:38	2020-07-15 07:00:38
201	CachetHQ\\Cachet\\Bus\\Events\\ComponentGroup\\ComponentGroupWasUpdatedEvent	1	rdooley	\N	Component Group was updated.	2020-07-15 07:00:38	2020-07-15 07:00:38
202	CachetHQ\\Cachet\\Bus\\Events\\ComponentGroup\\ComponentGroupWasUpdatedEvent	1	rdooley	\N	Component Group was updated.	2020-07-15 07:00:38	2020-07-15 07:00:38
203	CachetHQ\\Cachet\\Bus\\Events\\ComponentGroup\\ComponentGroupWasUpdatedEvent	1	rdooley	\N	Component Group was updated.	2020-07-15 07:00:38	2020-07-15 07:00:38
204	CachetHQ\\Cachet\\Bus\\Events\\ComponentGroup\\ComponentGroupWasUpdatedEvent	1	rdooley	\N	Component Group was updated.	2020-07-15 07:00:38	2020-07-15 07:00:38
205	CachetHQ\\Cachet\\Bus\\Events\\Component\\ComponentWasUpdatedEvent	1	rdooley	\N	Component was updated.	2020-07-15 07:01:24	2020-07-15 07:01:24
206	CachetHQ\\Cachet\\Bus\\Events\\Component\\ComponentWasUpdatedEvent	1	rdooley	\N	Component was updated.	2020-07-15 07:02:15	2020-07-15 07:02:15
207	CachetHQ\\Cachet\\Bus\\Events\\ComponentGroup\\ComponentGroupWasUpdatedEvent	1	rdooley	\N	Component Group was updated.	2020-07-15 07:02:28	2020-07-15 07:02:28
208	CachetHQ\\Cachet\\Bus\\Events\\Component\\ComponentWasUpdatedEvent	1	rdooley	\N	Component was updated.	2020-07-15 07:03:03	2020-07-15 07:03:03
209	CachetHQ\\Cachet\\Bus\\Events\\Component\\ComponentWasUpdatedEvent	1	rdooley	\N	Component was updated.	2020-07-15 07:03:32	2020-07-15 07:03:32
210	CachetHQ\\Cachet\\Bus\\Events\\Component\\ComponentWasCreatedEvent	1	rdooley	\N	Component was added.	2020-07-15 07:04:28	2020-07-15 07:04:28
211	CachetHQ\\Cachet\\Bus\\Events\\Component\\ComponentWasUpdatedEvent	1	rdooley	\N	Component was updated.	2020-07-15 07:04:50	2020-07-15 07:04:50
212	CachetHQ\\Cachet\\Bus\\Events\\Component\\ComponentWasUpdatedEvent	1	rdooley	\N	Component was updated.	2020-07-15 07:04:57	2020-07-15 07:04:57
213	CachetHQ\\Cachet\\Bus\\Events\\Component\\ComponentWasUpdatedEvent	1	rdooley	\N	Component was updated.	2020-07-15 07:04:57	2020-07-15 07:04:57
214	CachetHQ\\Cachet\\Bus\\Events\\Component\\ComponentWasUpdatedEvent	1	rdooley	\N	Component was updated.	2020-07-15 07:04:57	2020-07-15 07:04:57
215	CachetHQ\\Cachet\\Bus\\Events\\Component\\ComponentWasUpdatedEvent	1	rdooley	\N	Component was updated.	2020-07-15 07:04:57	2020-07-15 07:04:57
216	CachetHQ\\Cachet\\Bus\\Events\\Component\\ComponentWasUpdatedEvent	1	rdooley	\N	Component was updated.	2020-07-15 07:04:57	2020-07-15 07:04:57
217	CachetHQ\\Cachet\\Bus\\Events\\Component\\ComponentWasUpdatedEvent	1	rdooley	\N	Component was updated.	2020-07-15 07:04:57	2020-07-15 07:04:57
218	CachetHQ\\Cachet\\Bus\\Events\\Component\\ComponentWasUpdatedEvent	1	rdooley	\N	Component was updated.	2020-07-15 07:04:57	2020-07-15 07:04:57
219	CachetHQ\\Cachet\\Bus\\Events\\Component\\ComponentWasUpdatedEvent	1	rdooley	\N	Component was updated.	2020-07-15 07:04:57	2020-07-15 07:04:57
220	CachetHQ\\Cachet\\Bus\\Events\\Component\\ComponentWasUpdatedEvent	1	rdooley	\N	Component was updated.	2020-07-15 07:04:57	2020-07-15 07:04:57
221	CachetHQ\\Cachet\\Bus\\Events\\Component\\ComponentWasUpdatedEvent	1	rdooley	\N	Component was updated.	2020-07-15 07:04:57	2020-07-15 07:04:57
222	CachetHQ\\Cachet\\Bus\\Events\\Component\\ComponentWasUpdatedEvent	1	rdooley	\N	Component was updated.	2020-07-15 07:04:57	2020-07-15 07:04:57
223	CachetHQ\\Cachet\\Bus\\Events\\Component\\ComponentWasUpdatedEvent	1	rdooley	\N	Component was updated.	2020-07-15 07:04:57	2020-07-15 07:04:57
224	CachetHQ\\Cachet\\Bus\\Events\\Component\\ComponentWasUpdatedEvent	1	rdooley	\N	Component was updated.	2020-07-15 07:04:57	2020-07-15 07:04:57
225	CachetHQ\\Cachet\\Bus\\Events\\Component\\ComponentWasUpdatedEvent	1	rdooley	\N	Component was updated.	2020-07-15 07:04:57	2020-07-15 07:04:57
226	CachetHQ\\Cachet\\Bus\\Events\\Component\\ComponentWasUpdatedEvent	1	rdooley	\N	Component was updated.	2020-07-15 07:04:57	2020-07-15 07:04:57
227	CachetHQ\\Cachet\\Bus\\Events\\Component\\ComponentWasUpdatedEvent	1	rdooley	\N	Component was updated.	2020-07-15 07:04:58	2020-07-15 07:04:58
228	CachetHQ\\Cachet\\Bus\\Events\\Component\\ComponentWasUpdatedEvent	1	rdooley	\N	Component was updated.	2020-07-15 07:04:58	2020-07-15 07:04:58
229	CachetHQ\\Cachet\\Bus\\Events\\Component\\ComponentWasUpdatedEvent	1	rdooley	\N	Component was updated.	2020-07-15 07:04:58	2020-07-15 07:04:58
230	CachetHQ\\Cachet\\Bus\\Events\\Component\\ComponentWasUpdatedEvent	1	rdooley	\N	Component was updated.	2020-07-15 07:04:58	2020-07-15 07:04:58
231	CachetHQ\\Cachet\\Bus\\Events\\Component\\ComponentWasUpdatedEvent	1	rdooley	\N	Component was updated.	2020-07-15 07:05:04	2020-07-15 07:05:04
232	CachetHQ\\Cachet\\Bus\\Events\\Component\\ComponentWasUpdatedEvent	1	rdooley	\N	Component was updated.	2020-07-15 07:05:04	2020-07-15 07:05:04
233	CachetHQ\\Cachet\\Bus\\Events\\Component\\ComponentWasUpdatedEvent	1	rdooley	\N	Component was updated.	2020-07-15 07:05:04	2020-07-15 07:05:04
234	CachetHQ\\Cachet\\Bus\\Events\\Component\\ComponentWasUpdatedEvent	1	rdooley	\N	Component was updated.	2020-07-15 07:05:04	2020-07-15 07:05:04
235	CachetHQ\\Cachet\\Bus\\Events\\Component\\ComponentWasUpdatedEvent	1	rdooley	\N	Component was updated.	2020-07-15 07:05:04	2020-07-15 07:05:04
236	CachetHQ\\Cachet\\Bus\\Events\\Component\\ComponentWasUpdatedEvent	1	rdooley	\N	Component was updated.	2020-07-15 07:05:04	2020-07-15 07:05:04
237	CachetHQ\\Cachet\\Bus\\Events\\Component\\ComponentWasUpdatedEvent	1	rdooley	\N	Component was updated.	2020-07-15 07:05:04	2020-07-15 07:05:04
238	CachetHQ\\Cachet\\Bus\\Events\\Component\\ComponentWasUpdatedEvent	1	rdooley	\N	Component was updated.	2020-07-15 07:05:04	2020-07-15 07:05:04
239	CachetHQ\\Cachet\\Bus\\Events\\Component\\ComponentWasUpdatedEvent	1	rdooley	\N	Component was updated.	2020-07-15 07:05:04	2020-07-15 07:05:04
240	CachetHQ\\Cachet\\Bus\\Events\\Component\\ComponentWasUpdatedEvent	1	rdooley	\N	Component was updated.	2020-07-15 07:05:04	2020-07-15 07:05:04
241	CachetHQ\\Cachet\\Bus\\Events\\Component\\ComponentWasUpdatedEvent	1	rdooley	\N	Component was updated.	2020-07-15 07:05:04	2020-07-15 07:05:04
242	CachetHQ\\Cachet\\Bus\\Events\\Component\\ComponentWasUpdatedEvent	1	rdooley	\N	Component was updated.	2020-07-15 07:05:04	2020-07-15 07:05:04
243	CachetHQ\\Cachet\\Bus\\Events\\Component\\ComponentWasUpdatedEvent	1	rdooley	\N	Component was updated.	2020-07-15 07:05:04	2020-07-15 07:05:04
244	CachetHQ\\Cachet\\Bus\\Events\\Component\\ComponentWasUpdatedEvent	1	rdooley	\N	Component was updated.	2020-07-15 07:05:04	2020-07-15 07:05:04
245	CachetHQ\\Cachet\\Bus\\Events\\Component\\ComponentWasUpdatedEvent	1	rdooley	\N	Component was updated.	2020-07-15 07:05:04	2020-07-15 07:05:04
246	CachetHQ\\Cachet\\Bus\\Events\\Component\\ComponentWasUpdatedEvent	1	rdooley	\N	Component was updated.	2020-07-15 07:05:05	2020-07-15 07:05:05
247	CachetHQ\\Cachet\\Bus\\Events\\Component\\ComponentWasUpdatedEvent	1	rdooley	\N	Component was updated.	2020-07-15 07:05:05	2020-07-15 07:05:05
248	CachetHQ\\Cachet\\Bus\\Events\\Component\\ComponentWasUpdatedEvent	1	rdooley	\N	Component was updated.	2020-07-15 07:05:05	2020-07-15 07:05:05
249	CachetHQ\\Cachet\\Bus\\Events\\Component\\ComponentWasUpdatedEvent	1	rdooley	\N	Component was updated.	2020-07-15 07:05:05	2020-07-15 07:05:05
250	CachetHQ\\Cachet\\Bus\\Events\\Component\\ComponentWasUpdatedEvent	1	rdooley	\N	Component was updated.	2020-07-15 07:05:10	2020-07-15 07:05:10
251	CachetHQ\\Cachet\\Bus\\Events\\Component\\ComponentWasUpdatedEvent	1	rdooley	\N	Component was updated.	2020-07-15 07:05:10	2020-07-15 07:05:10
252	CachetHQ\\Cachet\\Bus\\Events\\Component\\ComponentWasUpdatedEvent	1	rdooley	\N	Component was updated.	2020-07-15 07:05:10	2020-07-15 07:05:10
253	CachetHQ\\Cachet\\Bus\\Events\\Component\\ComponentWasUpdatedEvent	1	rdooley	\N	Component was updated.	2020-07-15 07:05:10	2020-07-15 07:05:10
254	CachetHQ\\Cachet\\Bus\\Events\\Component\\ComponentWasUpdatedEvent	1	rdooley	\N	Component was updated.	2020-07-15 07:05:10	2020-07-15 07:05:10
255	CachetHQ\\Cachet\\Bus\\Events\\Component\\ComponentWasUpdatedEvent	1	rdooley	\N	Component was updated.	2020-07-15 07:05:10	2020-07-15 07:05:10
256	CachetHQ\\Cachet\\Bus\\Events\\Component\\ComponentWasUpdatedEvent	1	rdooley	\N	Component was updated.	2020-07-15 07:05:10	2020-07-15 07:05:10
257	CachetHQ\\Cachet\\Bus\\Events\\Component\\ComponentWasUpdatedEvent	1	rdooley	\N	Component was updated.	2020-07-15 07:05:10	2020-07-15 07:05:10
258	CachetHQ\\Cachet\\Bus\\Events\\Component\\ComponentWasUpdatedEvent	1	rdooley	\N	Component was updated.	2020-07-15 07:05:10	2020-07-15 07:05:10
259	CachetHQ\\Cachet\\Bus\\Events\\Component\\ComponentWasUpdatedEvent	1	rdooley	\N	Component was updated.	2020-07-15 07:05:10	2020-07-15 07:05:10
260	CachetHQ\\Cachet\\Bus\\Events\\Component\\ComponentWasUpdatedEvent	1	rdooley	\N	Component was updated.	2020-07-15 07:05:10	2020-07-15 07:05:10
261	CachetHQ\\Cachet\\Bus\\Events\\Component\\ComponentWasUpdatedEvent	1	rdooley	\N	Component was updated.	2020-07-15 07:05:10	2020-07-15 07:05:10
262	CachetHQ\\Cachet\\Bus\\Events\\Component\\ComponentWasUpdatedEvent	1	rdooley	\N	Component was updated.	2020-07-15 07:05:10	2020-07-15 07:05:10
263	CachetHQ\\Cachet\\Bus\\Events\\Component\\ComponentWasUpdatedEvent	1	rdooley	\N	Component was updated.	2020-07-15 07:05:10	2020-07-15 07:05:10
264	CachetHQ\\Cachet\\Bus\\Events\\Component\\ComponentWasUpdatedEvent	1	rdooley	\N	Component was updated.	2020-07-15 07:05:10	2020-07-15 07:05:10
265	CachetHQ\\Cachet\\Bus\\Events\\Component\\ComponentWasUpdatedEvent	1	rdooley	\N	Component was updated.	2020-07-15 07:05:10	2020-07-15 07:05:10
266	CachetHQ\\Cachet\\Bus\\Events\\Component\\ComponentWasUpdatedEvent	1	rdooley	\N	Component was updated.	2020-07-15 07:05:10	2020-07-15 07:05:10
267	CachetHQ\\Cachet\\Bus\\Events\\Component\\ComponentWasUpdatedEvent	1	rdooley	\N	Component was updated.	2020-07-15 07:05:10	2020-07-15 07:05:10
268	CachetHQ\\Cachet\\Bus\\Events\\Component\\ComponentWasUpdatedEvent	1	rdooley	\N	Component was updated.	2020-07-15 07:05:10	2020-07-15 07:05:10
269	CachetHQ\\Cachet\\Bus\\Events\\Component\\ComponentWasUpdatedEvent	1	rdooley	\N	Component was updated.	2020-07-15 07:05:27	2020-07-15 07:05:27
270	CachetHQ\\Cachet\\Bus\\Events\\Component\\ComponentWasUpdatedEvent	1	rdooley	\N	Component was updated.	2020-07-15 07:05:39	2020-07-15 07:05:39
271	CachetHQ\\Cachet\\Bus\\Events\\Component\\ComponentWasUpdatedEvent	1	rdooley	\N	Component was updated.	2020-07-15 07:05:39	2020-07-15 07:05:39
272	CachetHQ\\Cachet\\Bus\\Events\\Component\\ComponentWasUpdatedEvent	1	rdooley	\N	Component was updated.	2020-07-15 07:05:39	2020-07-15 07:05:39
273	CachetHQ\\Cachet\\Bus\\Events\\Component\\ComponentWasUpdatedEvent	1	rdooley	\N	Component was updated.	2020-07-15 07:05:39	2020-07-15 07:05:39
274	CachetHQ\\Cachet\\Bus\\Events\\Component\\ComponentWasUpdatedEvent	1	rdooley	\N	Component was updated.	2020-07-15 07:05:39	2020-07-15 07:05:39
275	CachetHQ\\Cachet\\Bus\\Events\\Component\\ComponentWasUpdatedEvent	1	rdooley	\N	Component was updated.	2020-07-15 07:05:39	2020-07-15 07:05:39
276	CachetHQ\\Cachet\\Bus\\Events\\Component\\ComponentWasUpdatedEvent	1	rdooley	\N	Component was updated.	2020-07-15 07:05:39	2020-07-15 07:05:39
277	CachetHQ\\Cachet\\Bus\\Events\\Component\\ComponentWasUpdatedEvent	1	rdooley	\N	Component was updated.	2020-07-15 07:05:39	2020-07-15 07:05:39
278	CachetHQ\\Cachet\\Bus\\Events\\Component\\ComponentWasUpdatedEvent	1	rdooley	\N	Component was updated.	2020-07-15 07:05:39	2020-07-15 07:05:39
279	CachetHQ\\Cachet\\Bus\\Events\\Component\\ComponentWasUpdatedEvent	1	rdooley	\N	Component was updated.	2020-07-15 07:05:39	2020-07-15 07:05:39
280	CachetHQ\\Cachet\\Bus\\Events\\Component\\ComponentWasUpdatedEvent	1	rdooley	\N	Component was updated.	2020-07-15 07:05:39	2020-07-15 07:05:39
281	CachetHQ\\Cachet\\Bus\\Events\\Component\\ComponentWasUpdatedEvent	1	rdooley	\N	Component was updated.	2020-07-15 07:05:39	2020-07-15 07:05:39
282	CachetHQ\\Cachet\\Bus\\Events\\Component\\ComponentWasUpdatedEvent	1	rdooley	\N	Component was updated.	2020-07-15 07:05:39	2020-07-15 07:05:39
283	CachetHQ\\Cachet\\Bus\\Events\\Component\\ComponentWasUpdatedEvent	1	rdooley	\N	Component was updated.	2020-07-15 07:05:39	2020-07-15 07:05:39
284	CachetHQ\\Cachet\\Bus\\Events\\Component\\ComponentWasUpdatedEvent	1	rdooley	\N	Component was updated.	2020-07-15 07:05:39	2020-07-15 07:05:39
285	CachetHQ\\Cachet\\Bus\\Events\\Component\\ComponentWasUpdatedEvent	1	rdooley	\N	Component was updated.	2020-07-15 07:05:39	2020-07-15 07:05:39
286	CachetHQ\\Cachet\\Bus\\Events\\Component\\ComponentWasUpdatedEvent	1	rdooley	\N	Component was updated.	2020-07-15 07:05:39	2020-07-15 07:05:39
287	CachetHQ\\Cachet\\Bus\\Events\\Component\\ComponentWasUpdatedEvent	1	rdooley	\N	Component was updated.	2020-07-15 07:05:39	2020-07-15 07:05:39
288	CachetHQ\\Cachet\\Bus\\Events\\Component\\ComponentWasUpdatedEvent	1	rdooley	\N	Component was updated.	2020-07-15 07:05:39	2020-07-15 07:05:39
289	CachetHQ\\Cachet\\Bus\\Events\\Component\\ComponentWasUpdatedEvent	1	rdooley	\N	Component was updated.	2020-07-15 07:05:42	2020-07-15 07:05:42
290	CachetHQ\\Cachet\\Bus\\Events\\Component\\ComponentWasUpdatedEvent	1	rdooley	\N	Component was updated.	2020-07-15 07:05:42	2020-07-15 07:05:42
291	CachetHQ\\Cachet\\Bus\\Events\\Component\\ComponentWasUpdatedEvent	1	rdooley	\N	Component was updated.	2020-07-15 07:05:42	2020-07-15 07:05:42
292	CachetHQ\\Cachet\\Bus\\Events\\Component\\ComponentWasUpdatedEvent	1	rdooley	\N	Component was updated.	2020-07-15 07:05:42	2020-07-15 07:05:42
293	CachetHQ\\Cachet\\Bus\\Events\\Component\\ComponentWasUpdatedEvent	1	rdooley	\N	Component was updated.	2020-07-15 07:05:42	2020-07-15 07:05:42
294	CachetHQ\\Cachet\\Bus\\Events\\Component\\ComponentWasUpdatedEvent	1	rdooley	\N	Component was updated.	2020-07-15 07:05:42	2020-07-15 07:05:42
295	CachetHQ\\Cachet\\Bus\\Events\\Component\\ComponentWasUpdatedEvent	1	rdooley	\N	Component was updated.	2020-07-15 07:05:42	2020-07-15 07:05:42
296	CachetHQ\\Cachet\\Bus\\Events\\Component\\ComponentWasUpdatedEvent	1	rdooley	\N	Component was updated.	2020-07-15 07:05:42	2020-07-15 07:05:42
297	CachetHQ\\Cachet\\Bus\\Events\\Component\\ComponentWasUpdatedEvent	1	rdooley	\N	Component was updated.	2020-07-15 07:05:42	2020-07-15 07:05:42
298	CachetHQ\\Cachet\\Bus\\Events\\Component\\ComponentWasUpdatedEvent	1	rdooley	\N	Component was updated.	2020-07-15 07:05:42	2020-07-15 07:05:42
299	CachetHQ\\Cachet\\Bus\\Events\\Component\\ComponentWasUpdatedEvent	1	rdooley	\N	Component was updated.	2020-07-15 07:05:42	2020-07-15 07:05:42
300	CachetHQ\\Cachet\\Bus\\Events\\Component\\ComponentWasUpdatedEvent	1	rdooley	\N	Component was updated.	2020-07-15 07:05:42	2020-07-15 07:05:42
301	CachetHQ\\Cachet\\Bus\\Events\\Component\\ComponentWasUpdatedEvent	1	rdooley	\N	Component was updated.	2020-07-15 07:05:42	2020-07-15 07:05:42
302	CachetHQ\\Cachet\\Bus\\Events\\Component\\ComponentWasUpdatedEvent	1	rdooley	\N	Component was updated.	2020-07-15 07:05:42	2020-07-15 07:05:42
303	CachetHQ\\Cachet\\Bus\\Events\\Component\\ComponentWasUpdatedEvent	1	rdooley	\N	Component was updated.	2020-07-15 07:05:42	2020-07-15 07:05:42
304	CachetHQ\\Cachet\\Bus\\Events\\Component\\ComponentWasUpdatedEvent	1	rdooley	\N	Component was updated.	2020-07-15 07:05:42	2020-07-15 07:05:42
305	CachetHQ\\Cachet\\Bus\\Events\\Component\\ComponentWasUpdatedEvent	1	rdooley	\N	Component was updated.	2020-07-15 07:05:42	2020-07-15 07:05:42
306	CachetHQ\\Cachet\\Bus\\Events\\Component\\ComponentWasUpdatedEvent	1	rdooley	\N	Component was updated.	2020-07-15 07:05:42	2020-07-15 07:05:42
307	CachetHQ\\Cachet\\Bus\\Events\\Component\\ComponentWasUpdatedEvent	1	rdooley	\N	Component was updated.	2020-07-15 07:05:42	2020-07-15 07:05:42
308	CachetHQ\\Cachet\\Bus\\Events\\Component\\ComponentWasUpdatedEvent	1	rdooley	\N	Component was updated.	2020-07-15 07:06:13	2020-07-15 07:06:13
309	CachetHQ\\Cachet\\Bus\\Events\\Component\\ComponentWasUpdatedEvent	1	rdooley	\N	Component was updated.	2020-07-15 07:06:53	2020-07-15 07:06:53
310	CachetHQ\\Cachet\\Bus\\Events\\Component\\ComponentWasUpdatedEvent	1	rdooley	\N	Component was updated.	2020-07-15 07:06:53	2020-07-15 07:06:53
311	CachetHQ\\Cachet\\Bus\\Events\\Component\\ComponentWasUpdatedEvent	1	rdooley	\N	Component was updated.	2020-07-15 07:06:53	2020-07-15 07:06:53
312	CachetHQ\\Cachet\\Bus\\Events\\Component\\ComponentWasUpdatedEvent	1	rdooley	\N	Component was updated.	2020-07-15 07:06:53	2020-07-15 07:06:53
313	CachetHQ\\Cachet\\Bus\\Events\\Component\\ComponentWasUpdatedEvent	1	rdooley	\N	Component was updated.	2020-07-15 07:06:53	2020-07-15 07:06:53
314	CachetHQ\\Cachet\\Bus\\Events\\Component\\ComponentWasUpdatedEvent	1	rdooley	\N	Component was updated.	2020-07-15 07:06:53	2020-07-15 07:06:53
315	CachetHQ\\Cachet\\Bus\\Events\\Component\\ComponentWasUpdatedEvent	1	rdooley	\N	Component was updated.	2020-07-15 07:06:53	2020-07-15 07:06:53
316	CachetHQ\\Cachet\\Bus\\Events\\Component\\ComponentWasUpdatedEvent	1	rdooley	\N	Component was updated.	2020-07-15 07:06:53	2020-07-15 07:06:53
317	CachetHQ\\Cachet\\Bus\\Events\\Component\\ComponentWasUpdatedEvent	1	rdooley	\N	Component was updated.	2020-07-15 07:06:53	2020-07-15 07:06:53
318	CachetHQ\\Cachet\\Bus\\Events\\Component\\ComponentWasUpdatedEvent	1	rdooley	\N	Component was updated.	2020-07-15 07:06:53	2020-07-15 07:06:53
319	CachetHQ\\Cachet\\Bus\\Events\\Component\\ComponentWasUpdatedEvent	1	rdooley	\N	Component was updated.	2020-07-15 07:06:53	2020-07-15 07:06:53
320	CachetHQ\\Cachet\\Bus\\Events\\Component\\ComponentWasUpdatedEvent	1	rdooley	\N	Component was updated.	2020-07-15 07:06:53	2020-07-15 07:06:53
321	CachetHQ\\Cachet\\Bus\\Events\\Component\\ComponentWasUpdatedEvent	1	rdooley	\N	Component was updated.	2020-07-15 07:06:53	2020-07-15 07:06:53
322	CachetHQ\\Cachet\\Bus\\Events\\Component\\ComponentWasUpdatedEvent	1	rdooley	\N	Component was updated.	2020-07-15 07:06:53	2020-07-15 07:06:53
323	CachetHQ\\Cachet\\Bus\\Events\\Component\\ComponentWasUpdatedEvent	1	rdooley	\N	Component was updated.	2020-07-15 07:06:53	2020-07-15 07:06:53
324	CachetHQ\\Cachet\\Bus\\Events\\Component\\ComponentWasUpdatedEvent	1	rdooley	\N	Component was updated.	2020-07-15 07:06:53	2020-07-15 07:06:53
325	CachetHQ\\Cachet\\Bus\\Events\\Component\\ComponentWasUpdatedEvent	1	rdooley	\N	Component was updated.	2020-07-15 07:06:53	2020-07-15 07:06:53
326	CachetHQ\\Cachet\\Bus\\Events\\Component\\ComponentWasUpdatedEvent	1	rdooley	\N	Component was updated.	2020-07-15 07:06:53	2020-07-15 07:06:53
327	CachetHQ\\Cachet\\Bus\\Events\\Component\\ComponentWasUpdatedEvent	1	rdooley	\N	Component was updated.	2020-07-15 07:06:53	2020-07-15 07:06:53
328	CachetHQ\\Cachet\\Bus\\Events\\Component\\ComponentWasUpdatedEvent	1	rdooley	\N	Component was updated.	2020-07-15 07:06:57	2020-07-15 07:06:57
329	CachetHQ\\Cachet\\Bus\\Events\\Component\\ComponentWasUpdatedEvent	1	rdooley	\N	Component was updated.	2020-07-15 07:06:57	2020-07-15 07:06:57
330	CachetHQ\\Cachet\\Bus\\Events\\Component\\ComponentWasUpdatedEvent	1	rdooley	\N	Component was updated.	2020-07-15 07:06:57	2020-07-15 07:06:57
331	CachetHQ\\Cachet\\Bus\\Events\\Component\\ComponentWasUpdatedEvent	1	rdooley	\N	Component was updated.	2020-07-15 07:06:57	2020-07-15 07:06:57
332	CachetHQ\\Cachet\\Bus\\Events\\Component\\ComponentWasUpdatedEvent	1	rdooley	\N	Component was updated.	2020-07-15 07:06:57	2020-07-15 07:06:57
333	CachetHQ\\Cachet\\Bus\\Events\\Component\\ComponentWasUpdatedEvent	1	rdooley	\N	Component was updated.	2020-07-15 07:06:57	2020-07-15 07:06:57
334	CachetHQ\\Cachet\\Bus\\Events\\Component\\ComponentWasUpdatedEvent	1	rdooley	\N	Component was updated.	2020-07-15 07:06:57	2020-07-15 07:06:57
335	CachetHQ\\Cachet\\Bus\\Events\\Component\\ComponentWasUpdatedEvent	1	rdooley	\N	Component was updated.	2020-07-15 07:06:57	2020-07-15 07:06:57
336	CachetHQ\\Cachet\\Bus\\Events\\Component\\ComponentWasUpdatedEvent	1	rdooley	\N	Component was updated.	2020-07-15 07:06:57	2020-07-15 07:06:57
337	CachetHQ\\Cachet\\Bus\\Events\\Component\\ComponentWasUpdatedEvent	1	rdooley	\N	Component was updated.	2020-07-15 07:06:57	2020-07-15 07:06:57
338	CachetHQ\\Cachet\\Bus\\Events\\Component\\ComponentWasUpdatedEvent	1	rdooley	\N	Component was updated.	2020-07-15 07:06:57	2020-07-15 07:06:57
339	CachetHQ\\Cachet\\Bus\\Events\\Component\\ComponentWasUpdatedEvent	1	rdooley	\N	Component was updated.	2020-07-15 07:06:57	2020-07-15 07:06:57
340	CachetHQ\\Cachet\\Bus\\Events\\Component\\ComponentWasUpdatedEvent	1	rdooley	\N	Component was updated.	2020-07-15 07:06:57	2020-07-15 07:06:57
341	CachetHQ\\Cachet\\Bus\\Events\\Component\\ComponentWasUpdatedEvent	1	rdooley	\N	Component was updated.	2020-07-15 07:06:57	2020-07-15 07:06:57
342	CachetHQ\\Cachet\\Bus\\Events\\Component\\ComponentWasUpdatedEvent	1	rdooley	\N	Component was updated.	2020-07-15 07:06:57	2020-07-15 07:06:57
343	CachetHQ\\Cachet\\Bus\\Events\\Component\\ComponentWasUpdatedEvent	1	rdooley	\N	Component was updated.	2020-07-15 07:06:57	2020-07-15 07:06:57
344	CachetHQ\\Cachet\\Bus\\Events\\Component\\ComponentWasUpdatedEvent	1	rdooley	\N	Component was updated.	2020-07-15 07:06:57	2020-07-15 07:06:57
345	CachetHQ\\Cachet\\Bus\\Events\\Component\\ComponentWasUpdatedEvent	1	rdooley	\N	Component was updated.	2020-07-15 07:06:57	2020-07-15 07:06:57
346	CachetHQ\\Cachet\\Bus\\Events\\Component\\ComponentWasUpdatedEvent	1	rdooley	\N	Component was updated.	2020-07-15 07:06:57	2020-07-15 07:06:57
347	CachetHQ\\Cachet\\Bus\\Events\\Component\\ComponentWasUpdatedEvent	1	rdooley	\N	Component was updated.	2020-07-15 07:07:14	2020-07-15 07:07:14
348	CachetHQ\\Cachet\\Bus\\Events\\Component\\ComponentWasUpdatedEvent	1	rdooley	\N	Component was updated.	2020-07-15 07:07:14	2020-07-15 07:07:14
349	CachetHQ\\Cachet\\Bus\\Events\\Component\\ComponentWasUpdatedEvent	1	rdooley	\N	Component was updated.	2020-07-15 07:07:14	2020-07-15 07:07:14
350	CachetHQ\\Cachet\\Bus\\Events\\Component\\ComponentWasUpdatedEvent	1	rdooley	\N	Component was updated.	2020-07-15 07:07:14	2020-07-15 07:07:14
351	CachetHQ\\Cachet\\Bus\\Events\\Component\\ComponentWasUpdatedEvent	1	rdooley	\N	Component was updated.	2020-07-15 07:07:14	2020-07-15 07:07:14
352	CachetHQ\\Cachet\\Bus\\Events\\Component\\ComponentWasUpdatedEvent	1	rdooley	\N	Component was updated.	2020-07-15 07:07:14	2020-07-15 07:07:14
353	CachetHQ\\Cachet\\Bus\\Events\\Component\\ComponentWasUpdatedEvent	1	rdooley	\N	Component was updated.	2020-07-15 07:07:14	2020-07-15 07:07:14
354	CachetHQ\\Cachet\\Bus\\Events\\Component\\ComponentWasUpdatedEvent	1	rdooley	\N	Component was updated.	2020-07-15 07:07:14	2020-07-15 07:07:14
355	CachetHQ\\Cachet\\Bus\\Events\\Component\\ComponentWasUpdatedEvent	1	rdooley	\N	Component was updated.	2020-07-15 07:07:14	2020-07-15 07:07:14
356	CachetHQ\\Cachet\\Bus\\Events\\Component\\ComponentWasUpdatedEvent	1	rdooley	\N	Component was updated.	2020-07-15 07:07:14	2020-07-15 07:07:14
357	CachetHQ\\Cachet\\Bus\\Events\\Component\\ComponentWasUpdatedEvent	1	rdooley	\N	Component was updated.	2020-07-15 07:07:14	2020-07-15 07:07:14
358	CachetHQ\\Cachet\\Bus\\Events\\Component\\ComponentWasUpdatedEvent	1	rdooley	\N	Component was updated.	2020-07-15 07:07:14	2020-07-15 07:07:14
359	CachetHQ\\Cachet\\Bus\\Events\\Component\\ComponentWasUpdatedEvent	1	rdooley	\N	Component was updated.	2020-07-15 07:07:14	2020-07-15 07:07:14
360	CachetHQ\\Cachet\\Bus\\Events\\Component\\ComponentWasUpdatedEvent	1	rdooley	\N	Component was updated.	2020-07-15 07:07:14	2020-07-15 07:07:14
361	CachetHQ\\Cachet\\Bus\\Events\\Component\\ComponentWasUpdatedEvent	1	rdooley	\N	Component was updated.	2020-07-15 07:07:14	2020-07-15 07:07:14
362	CachetHQ\\Cachet\\Bus\\Events\\Component\\ComponentWasUpdatedEvent	1	rdooley	\N	Component was updated.	2020-07-15 07:07:14	2020-07-15 07:07:14
363	CachetHQ\\Cachet\\Bus\\Events\\Component\\ComponentWasUpdatedEvent	1	rdooley	\N	Component was updated.	2020-07-15 07:07:14	2020-07-15 07:07:14
364	CachetHQ\\Cachet\\Bus\\Events\\Component\\ComponentWasUpdatedEvent	1	rdooley	\N	Component was updated.	2020-07-15 07:07:14	2020-07-15 07:07:14
365	CachetHQ\\Cachet\\Bus\\Events\\Component\\ComponentWasUpdatedEvent	1	rdooley	\N	Component was updated.	2020-07-15 07:07:14	2020-07-15 07:07:14
366	CachetHQ\\Cachet\\Bus\\Events\\Component\\ComponentWasUpdatedEvent	1	rdooley	\N	Component was updated.	2020-07-15 07:07:29	2020-07-15 07:07:29
367	CachetHQ\\Cachet\\Bus\\Events\\Component\\ComponentWasUpdatedEvent	1	rdooley	\N	Component was updated.	2020-07-15 07:07:29	2020-07-15 07:07:29
368	CachetHQ\\Cachet\\Bus\\Events\\Component\\ComponentWasUpdatedEvent	1	rdooley	\N	Component was updated.	2020-07-15 07:07:29	2020-07-15 07:07:29
369	CachetHQ\\Cachet\\Bus\\Events\\Component\\ComponentWasUpdatedEvent	1	rdooley	\N	Component was updated.	2020-07-15 07:07:29	2020-07-15 07:07:29
370	CachetHQ\\Cachet\\Bus\\Events\\Component\\ComponentWasUpdatedEvent	1	rdooley	\N	Component was updated.	2020-07-15 07:07:29	2020-07-15 07:07:29
371	CachetHQ\\Cachet\\Bus\\Events\\Component\\ComponentWasUpdatedEvent	1	rdooley	\N	Component was updated.	2020-07-15 07:07:29	2020-07-15 07:07:29
372	CachetHQ\\Cachet\\Bus\\Events\\Component\\ComponentWasUpdatedEvent	1	rdooley	\N	Component was updated.	2020-07-15 07:07:30	2020-07-15 07:07:30
373	CachetHQ\\Cachet\\Bus\\Events\\Component\\ComponentWasUpdatedEvent	1	rdooley	\N	Component was updated.	2020-07-15 07:07:30	2020-07-15 07:07:30
374	CachetHQ\\Cachet\\Bus\\Events\\Component\\ComponentWasUpdatedEvent	1	rdooley	\N	Component was updated.	2020-07-15 07:07:30	2020-07-15 07:07:30
375	CachetHQ\\Cachet\\Bus\\Events\\Component\\ComponentWasUpdatedEvent	1	rdooley	\N	Component was updated.	2020-07-15 07:07:30	2020-07-15 07:07:30
376	CachetHQ\\Cachet\\Bus\\Events\\Component\\ComponentWasUpdatedEvent	1	rdooley	\N	Component was updated.	2020-07-15 07:07:30	2020-07-15 07:07:30
377	CachetHQ\\Cachet\\Bus\\Events\\Component\\ComponentWasUpdatedEvent	1	rdooley	\N	Component was updated.	2020-07-15 07:07:30	2020-07-15 07:07:30
378	CachetHQ\\Cachet\\Bus\\Events\\Component\\ComponentWasUpdatedEvent	1	rdooley	\N	Component was updated.	2020-07-15 07:07:30	2020-07-15 07:07:30
379	CachetHQ\\Cachet\\Bus\\Events\\Component\\ComponentWasUpdatedEvent	1	rdooley	\N	Component was updated.	2020-07-15 07:07:30	2020-07-15 07:07:30
380	CachetHQ\\Cachet\\Bus\\Events\\Component\\ComponentWasUpdatedEvent	1	rdooley	\N	Component was updated.	2020-07-15 07:07:30	2020-07-15 07:07:30
381	CachetHQ\\Cachet\\Bus\\Events\\Component\\ComponentWasUpdatedEvent	1	rdooley	\N	Component was updated.	2020-07-15 07:07:30	2020-07-15 07:07:30
382	CachetHQ\\Cachet\\Bus\\Events\\Component\\ComponentWasUpdatedEvent	1	rdooley	\N	Component was updated.	2020-07-15 07:07:30	2020-07-15 07:07:30
383	CachetHQ\\Cachet\\Bus\\Events\\Component\\ComponentWasUpdatedEvent	1	rdooley	\N	Component was updated.	2020-07-15 07:07:30	2020-07-15 07:07:30
384	CachetHQ\\Cachet\\Bus\\Events\\Component\\ComponentWasUpdatedEvent	1	rdooley	\N	Component was updated.	2020-07-15 07:07:30	2020-07-15 07:07:30
385	CachetHQ\\Cachet\\Bus\\Events\\Component\\ComponentWasUpdatedEvent	1	rdooley	\N	Component was updated.	2020-07-15 07:07:53	2020-07-15 07:07:53
386	CachetHQ\\Cachet\\Bus\\Events\\Component\\ComponentWasUpdatedEvent	1	rdooley	\N	Component was updated.	2020-07-15 07:08:00	2020-07-15 07:08:00
387	CachetHQ\\Cachet\\Bus\\Events\\Component\\ComponentWasCreatedEvent	1	rdooley	\N	Component was added.	2020-07-15 07:09:05	2020-07-15 07:09:05
388	CachetHQ\\Cachet\\Bus\\Events\\Component\\ComponentWasUpdatedEvent	1	rdooley	\N	Component was updated.	2020-07-15 07:09:11	2020-07-15 07:09:11
389	CachetHQ\\Cachet\\Bus\\Events\\Component\\ComponentWasUpdatedEvent	1	rdooley	\N	Component was updated.	2020-07-15 07:09:11	2020-07-15 07:09:11
390	CachetHQ\\Cachet\\Bus\\Events\\Component\\ComponentWasUpdatedEvent	1	rdooley	\N	Component was updated.	2020-07-15 07:09:11	2020-07-15 07:09:11
391	CachetHQ\\Cachet\\Bus\\Events\\Component\\ComponentWasUpdatedEvent	1	rdooley	\N	Component was updated.	2020-07-15 07:09:11	2020-07-15 07:09:11
392	CachetHQ\\Cachet\\Bus\\Events\\Component\\ComponentWasUpdatedEvent	1	rdooley	\N	Component was updated.	2020-07-15 07:09:11	2020-07-15 07:09:11
393	CachetHQ\\Cachet\\Bus\\Events\\Component\\ComponentWasUpdatedEvent	1	rdooley	\N	Component was updated.	2020-07-15 07:09:11	2020-07-15 07:09:11
394	CachetHQ\\Cachet\\Bus\\Events\\Component\\ComponentWasUpdatedEvent	1	rdooley	\N	Component was updated.	2020-07-15 07:09:11	2020-07-15 07:09:11
395	CachetHQ\\Cachet\\Bus\\Events\\Component\\ComponentWasUpdatedEvent	1	rdooley	\N	Component was updated.	2020-07-15 07:09:11	2020-07-15 07:09:11
396	CachetHQ\\Cachet\\Bus\\Events\\Component\\ComponentWasUpdatedEvent	1	rdooley	\N	Component was updated.	2020-07-15 07:09:11	2020-07-15 07:09:11
397	CachetHQ\\Cachet\\Bus\\Events\\Component\\ComponentWasUpdatedEvent	1	rdooley	\N	Component was updated.	2020-07-15 07:09:11	2020-07-15 07:09:11
398	CachetHQ\\Cachet\\Bus\\Events\\Component\\ComponentWasUpdatedEvent	1	rdooley	\N	Component was updated.	2020-07-15 07:09:11	2020-07-15 07:09:11
399	CachetHQ\\Cachet\\Bus\\Events\\Component\\ComponentWasUpdatedEvent	1	rdooley	\N	Component was updated.	2020-07-15 07:09:11	2020-07-15 07:09:11
400	CachetHQ\\Cachet\\Bus\\Events\\Component\\ComponentWasUpdatedEvent	1	rdooley	\N	Component was updated.	2020-07-15 07:09:11	2020-07-15 07:09:11
401	CachetHQ\\Cachet\\Bus\\Events\\Component\\ComponentWasUpdatedEvent	1	rdooley	\N	Component was updated.	2020-07-15 07:09:11	2020-07-15 07:09:11
402	CachetHQ\\Cachet\\Bus\\Events\\Component\\ComponentWasUpdatedEvent	1	rdooley	\N	Component was updated.	2020-07-15 07:09:11	2020-07-15 07:09:11
403	CachetHQ\\Cachet\\Bus\\Events\\Component\\ComponentWasUpdatedEvent	1	rdooley	\N	Component was updated.	2020-07-15 07:09:11	2020-07-15 07:09:11
404	CachetHQ\\Cachet\\Bus\\Events\\Component\\ComponentWasUpdatedEvent	1	rdooley	\N	Component was updated.	2020-07-15 07:09:11	2020-07-15 07:09:11
405	CachetHQ\\Cachet\\Bus\\Events\\Component\\ComponentWasUpdatedEvent	1	rdooley	\N	Component was updated.	2020-07-15 07:09:11	2020-07-15 07:09:11
406	CachetHQ\\Cachet\\Bus\\Events\\Component\\ComponentWasUpdatedEvent	1	rdooley	\N	Component was updated.	2020-07-15 07:09:11	2020-07-15 07:09:11
407	CachetHQ\\Cachet\\Bus\\Events\\Component\\ComponentWasUpdatedEvent	1	rdooley	\N	Component was updated.	2020-07-15 07:09:11	2020-07-15 07:09:11
408	CachetHQ\\Cachet\\Bus\\Events\\Component\\ComponentWasUpdatedEvent	1	rdooley	\N	Component was updated.	2020-07-15 07:09:28	2020-07-15 07:09:28
409	CachetHQ\\Cachet\\Bus\\Events\\Component\\ComponentWasUpdatedEvent	1	rdooley	\N	Component was updated.	2020-07-15 07:09:39	2020-07-15 07:09:39
410	CachetHQ\\Cachet\\Bus\\Events\\Component\\ComponentWasUpdatedEvent	1	rdooley	\N	Component was updated.	2020-07-15 07:09:55	2020-07-15 07:09:55
411	CachetHQ\\Cachet\\Bus\\Events\\Component\\ComponentWasUpdatedEvent	1	rdooley	\N	Component was updated.	2020-07-15 07:09:55	2020-07-15 07:09:55
412	CachetHQ\\Cachet\\Bus\\Events\\Component\\ComponentWasUpdatedEvent	1	rdooley	\N	Component was updated.	2020-07-15 07:09:55	2020-07-15 07:09:55
413	CachetHQ\\Cachet\\Bus\\Events\\Component\\ComponentWasUpdatedEvent	1	rdooley	\N	Component was updated.	2020-07-15 07:09:55	2020-07-15 07:09:55
414	CachetHQ\\Cachet\\Bus\\Events\\Component\\ComponentWasUpdatedEvent	1	rdooley	\N	Component was updated.	2020-07-15 07:09:55	2020-07-15 07:09:55
415	CachetHQ\\Cachet\\Bus\\Events\\Component\\ComponentWasUpdatedEvent	1	rdooley	\N	Component was updated.	2020-07-15 07:09:55	2020-07-15 07:09:55
416	CachetHQ\\Cachet\\Bus\\Events\\Component\\ComponentWasUpdatedEvent	1	rdooley	\N	Component was updated.	2020-07-15 07:09:55	2020-07-15 07:09:55
417	CachetHQ\\Cachet\\Bus\\Events\\Component\\ComponentWasUpdatedEvent	1	rdooley	\N	Component was updated.	2020-07-15 07:09:55	2020-07-15 07:09:55
418	CachetHQ\\Cachet\\Bus\\Events\\Component\\ComponentWasUpdatedEvent	1	rdooley	\N	Component was updated.	2020-07-15 07:09:55	2020-07-15 07:09:55
419	CachetHQ\\Cachet\\Bus\\Events\\Component\\ComponentWasUpdatedEvent	1	rdooley	\N	Component was updated.	2020-07-15 07:09:55	2020-07-15 07:09:55
420	CachetHQ\\Cachet\\Bus\\Events\\Component\\ComponentWasUpdatedEvent	1	rdooley	\N	Component was updated.	2020-07-15 07:09:55	2020-07-15 07:09:55
421	CachetHQ\\Cachet\\Bus\\Events\\Component\\ComponentWasUpdatedEvent	1	rdooley	\N	Component was updated.	2020-07-15 07:09:55	2020-07-15 07:09:55
422	CachetHQ\\Cachet\\Bus\\Events\\Component\\ComponentWasUpdatedEvent	1	rdooley	\N	Component was updated.	2020-07-15 07:09:56	2020-07-15 07:09:56
423	CachetHQ\\Cachet\\Bus\\Events\\Component\\ComponentWasUpdatedEvent	1	rdooley	\N	Component was updated.	2020-07-15 07:09:56	2020-07-15 07:09:56
424	CachetHQ\\Cachet\\Bus\\Events\\Component\\ComponentWasUpdatedEvent	1	rdooley	\N	Component was updated.	2020-07-15 07:09:56	2020-07-15 07:09:56
425	CachetHQ\\Cachet\\Bus\\Events\\Component\\ComponentWasUpdatedEvent	1	rdooley	\N	Component was updated.	2020-07-15 07:09:56	2020-07-15 07:09:56
426	CachetHQ\\Cachet\\Bus\\Events\\Component\\ComponentWasUpdatedEvent	1	rdooley	\N	Component was updated.	2020-07-15 07:09:56	2020-07-15 07:09:56
427	CachetHQ\\Cachet\\Bus\\Events\\Component\\ComponentWasUpdatedEvent	1	rdooley	\N	Component was updated.	2020-07-15 07:09:56	2020-07-15 07:09:56
428	CachetHQ\\Cachet\\Bus\\Events\\Component\\ComponentWasUpdatedEvent	1	rdooley	\N	Component was updated.	2020-07-15 07:09:56	2020-07-15 07:09:56
429	CachetHQ\\Cachet\\Bus\\Events\\Component\\ComponentWasUpdatedEvent	1	rdooley	\N	Component was updated.	2020-07-15 07:09:56	2020-07-15 07:09:56
430	CachetHQ\\Cachet\\Bus\\Events\\Component\\ComponentWasUpdatedEvent	1	rdooley	\N	Component was updated.	2020-07-15 07:10:05	2020-07-15 07:10:05
431	CachetHQ\\Cachet\\Bus\\Events\\Component\\ComponentWasUpdatedEvent	1	rdooley	\N	Component was updated.	2020-07-15 07:10:05	2020-07-15 07:10:05
432	CachetHQ\\Cachet\\Bus\\Events\\Component\\ComponentWasUpdatedEvent	1	rdooley	\N	Component was updated.	2020-07-15 07:10:05	2020-07-15 07:10:05
433	CachetHQ\\Cachet\\Bus\\Events\\Component\\ComponentWasUpdatedEvent	1	rdooley	\N	Component was updated.	2020-07-15 07:10:05	2020-07-15 07:10:05
434	CachetHQ\\Cachet\\Bus\\Events\\Component\\ComponentWasUpdatedEvent	1	rdooley	\N	Component was updated.	2020-07-15 07:10:05	2020-07-15 07:10:05
435	CachetHQ\\Cachet\\Bus\\Events\\Component\\ComponentWasUpdatedEvent	1	rdooley	\N	Component was updated.	2020-07-15 07:10:05	2020-07-15 07:10:05
436	CachetHQ\\Cachet\\Bus\\Events\\Component\\ComponentWasUpdatedEvent	1	rdooley	\N	Component was updated.	2020-07-15 07:10:05	2020-07-15 07:10:05
437	CachetHQ\\Cachet\\Bus\\Events\\Component\\ComponentWasUpdatedEvent	1	rdooley	\N	Component was updated.	2020-07-15 07:10:05	2020-07-15 07:10:05
438	CachetHQ\\Cachet\\Bus\\Events\\Component\\ComponentWasUpdatedEvent	1	rdooley	\N	Component was updated.	2020-07-15 07:10:05	2020-07-15 07:10:05
439	CachetHQ\\Cachet\\Bus\\Events\\Component\\ComponentWasUpdatedEvent	1	rdooley	\N	Component was updated.	2020-07-15 07:10:05	2020-07-15 07:10:05
440	CachetHQ\\Cachet\\Bus\\Events\\Component\\ComponentWasUpdatedEvent	1	rdooley	\N	Component was updated.	2020-07-15 07:10:05	2020-07-15 07:10:05
441	CachetHQ\\Cachet\\Bus\\Events\\Component\\ComponentWasUpdatedEvent	1	rdooley	\N	Component was updated.	2020-07-15 07:10:05	2020-07-15 07:10:05
442	CachetHQ\\Cachet\\Bus\\Events\\Component\\ComponentWasUpdatedEvent	1	rdooley	\N	Component was updated.	2020-07-15 07:10:05	2020-07-15 07:10:05
443	CachetHQ\\Cachet\\Bus\\Events\\Component\\ComponentWasUpdatedEvent	1	rdooley	\N	Component was updated.	2020-07-15 07:10:05	2020-07-15 07:10:05
444	CachetHQ\\Cachet\\Bus\\Events\\Component\\ComponentWasUpdatedEvent	1	rdooley	\N	Component was updated.	2020-07-15 07:10:05	2020-07-15 07:10:05
445	CachetHQ\\Cachet\\Bus\\Events\\Component\\ComponentWasUpdatedEvent	1	rdooley	\N	Component was updated.	2020-07-15 07:10:05	2020-07-15 07:10:05
446	CachetHQ\\Cachet\\Bus\\Events\\Component\\ComponentWasUpdatedEvent	1	rdooley	\N	Component was updated.	2020-07-15 07:10:05	2020-07-15 07:10:05
447	CachetHQ\\Cachet\\Bus\\Events\\Component\\ComponentWasUpdatedEvent	1	rdooley	\N	Component was updated.	2020-07-15 07:10:05	2020-07-15 07:10:05
448	CachetHQ\\Cachet\\Bus\\Events\\Component\\ComponentWasUpdatedEvent	1	rdooley	\N	Component was updated.	2020-07-15 07:10:05	2020-07-15 07:10:05
449	CachetHQ\\Cachet\\Bus\\Events\\Component\\ComponentWasUpdatedEvent	1	rdooley	\N	Component was updated.	2020-07-15 07:10:05	2020-07-15 07:10:05
450	CachetHQ\\Cachet\\Bus\\Events\\Component\\ComponentWasUpdatedEvent	1	rdooley	\N	Component was updated.	2020-07-15 07:10:07	2020-07-15 07:10:07
451	CachetHQ\\Cachet\\Bus\\Events\\Component\\ComponentWasUpdatedEvent	1	rdooley	\N	Component was updated.	2020-07-15 07:10:07	2020-07-15 07:10:07
452	CachetHQ\\Cachet\\Bus\\Events\\Component\\ComponentWasUpdatedEvent	1	rdooley	\N	Component was updated.	2020-07-15 07:10:07	2020-07-15 07:10:07
453	CachetHQ\\Cachet\\Bus\\Events\\Component\\ComponentWasUpdatedEvent	1	rdooley	\N	Component was updated.	2020-07-15 07:10:07	2020-07-15 07:10:07
454	CachetHQ\\Cachet\\Bus\\Events\\Component\\ComponentWasUpdatedEvent	1	rdooley	\N	Component was updated.	2020-07-15 07:10:07	2020-07-15 07:10:07
455	CachetHQ\\Cachet\\Bus\\Events\\Component\\ComponentWasUpdatedEvent	1	rdooley	\N	Component was updated.	2020-07-15 07:10:07	2020-07-15 07:10:07
456	CachetHQ\\Cachet\\Bus\\Events\\Component\\ComponentWasUpdatedEvent	1	rdooley	\N	Component was updated.	2020-07-15 07:10:07	2020-07-15 07:10:07
457	CachetHQ\\Cachet\\Bus\\Events\\Component\\ComponentWasUpdatedEvent	1	rdooley	\N	Component was updated.	2020-07-15 07:10:07	2020-07-15 07:10:07
458	CachetHQ\\Cachet\\Bus\\Events\\Component\\ComponentWasUpdatedEvent	1	rdooley	\N	Component was updated.	2020-07-15 07:10:07	2020-07-15 07:10:07
459	CachetHQ\\Cachet\\Bus\\Events\\Component\\ComponentWasUpdatedEvent	1	rdooley	\N	Component was updated.	2020-07-15 07:10:07	2020-07-15 07:10:07
460	CachetHQ\\Cachet\\Bus\\Events\\Component\\ComponentWasUpdatedEvent	1	rdooley	\N	Component was updated.	2020-07-15 07:10:07	2020-07-15 07:10:07
461	CachetHQ\\Cachet\\Bus\\Events\\Component\\ComponentWasUpdatedEvent	1	rdooley	\N	Component was updated.	2020-07-15 07:10:07	2020-07-15 07:10:07
462	CachetHQ\\Cachet\\Bus\\Events\\Component\\ComponentWasUpdatedEvent	1	rdooley	\N	Component was updated.	2020-07-15 07:10:08	2020-07-15 07:10:08
463	CachetHQ\\Cachet\\Bus\\Events\\Component\\ComponentWasUpdatedEvent	1	rdooley	\N	Component was updated.	2020-07-15 07:10:08	2020-07-15 07:10:08
464	CachetHQ\\Cachet\\Bus\\Events\\Component\\ComponentWasUpdatedEvent	1	rdooley	\N	Component was updated.	2020-07-15 07:10:08	2020-07-15 07:10:08
465	CachetHQ\\Cachet\\Bus\\Events\\Component\\ComponentWasUpdatedEvent	1	rdooley	\N	Component was updated.	2020-07-15 07:10:08	2020-07-15 07:10:08
466	CachetHQ\\Cachet\\Bus\\Events\\Component\\ComponentWasUpdatedEvent	1	rdooley	\N	Component was updated.	2020-07-15 07:10:08	2020-07-15 07:10:08
467	CachetHQ\\Cachet\\Bus\\Events\\Component\\ComponentWasUpdatedEvent	1	rdooley	\N	Component was updated.	2020-07-15 07:10:08	2020-07-15 07:10:08
468	CachetHQ\\Cachet\\Bus\\Events\\Component\\ComponentWasUpdatedEvent	1	rdooley	\N	Component was updated.	2020-07-15 07:10:08	2020-07-15 07:10:08
469	CachetHQ\\Cachet\\Bus\\Events\\Component\\ComponentWasUpdatedEvent	1	rdooley	\N	Component was updated.	2020-07-15 07:10:08	2020-07-15 07:10:08
470	CachetHQ\\Cachet\\Bus\\Events\\Component\\ComponentWasUpdatedEvent	1	rdooley	\N	Component was updated.	2020-07-15 07:10:18	2020-07-15 07:10:18
471	CachetHQ\\Cachet\\Bus\\Events\\Component\\ComponentWasUpdatedEvent	1	rdooley	\N	Component was updated.	2020-07-15 07:10:18	2020-07-15 07:10:18
472	CachetHQ\\Cachet\\Bus\\Events\\Component\\ComponentWasUpdatedEvent	1	rdooley	\N	Component was updated.	2020-07-15 07:10:18	2020-07-15 07:10:18
473	CachetHQ\\Cachet\\Bus\\Events\\Component\\ComponentWasUpdatedEvent	1	rdooley	\N	Component was updated.	2020-07-15 07:10:18	2020-07-15 07:10:18
474	CachetHQ\\Cachet\\Bus\\Events\\Component\\ComponentWasUpdatedEvent	1	rdooley	\N	Component was updated.	2020-07-15 07:10:18	2020-07-15 07:10:18
475	CachetHQ\\Cachet\\Bus\\Events\\Component\\ComponentWasUpdatedEvent	1	rdooley	\N	Component was updated.	2020-07-15 07:10:18	2020-07-15 07:10:18
476	CachetHQ\\Cachet\\Bus\\Events\\Component\\ComponentWasUpdatedEvent	1	rdooley	\N	Component was updated.	2020-07-15 07:10:18	2020-07-15 07:10:18
477	CachetHQ\\Cachet\\Bus\\Events\\Component\\ComponentWasUpdatedEvent	1	rdooley	\N	Component was updated.	2020-07-15 07:10:18	2020-07-15 07:10:18
478	CachetHQ\\Cachet\\Bus\\Events\\Component\\ComponentWasUpdatedEvent	1	rdooley	\N	Component was updated.	2020-07-15 07:10:18	2020-07-15 07:10:18
479	CachetHQ\\Cachet\\Bus\\Events\\Component\\ComponentWasUpdatedEvent	1	rdooley	\N	Component was updated.	2020-07-15 07:10:18	2020-07-15 07:10:18
480	CachetHQ\\Cachet\\Bus\\Events\\Component\\ComponentWasUpdatedEvent	1	rdooley	\N	Component was updated.	2020-07-15 07:10:18	2020-07-15 07:10:18
481	CachetHQ\\Cachet\\Bus\\Events\\Component\\ComponentWasUpdatedEvent	1	rdooley	\N	Component was updated.	2020-07-15 07:10:18	2020-07-15 07:10:18
482	CachetHQ\\Cachet\\Bus\\Events\\Component\\ComponentWasUpdatedEvent	1	rdooley	\N	Component was updated.	2020-07-15 07:10:18	2020-07-15 07:10:18
483	CachetHQ\\Cachet\\Bus\\Events\\Component\\ComponentWasUpdatedEvent	1	rdooley	\N	Component was updated.	2020-07-15 07:10:18	2020-07-15 07:10:18
484	CachetHQ\\Cachet\\Bus\\Events\\Component\\ComponentWasUpdatedEvent	1	rdooley	\N	Component was updated.	2020-07-15 07:10:18	2020-07-15 07:10:18
485	CachetHQ\\Cachet\\Bus\\Events\\Component\\ComponentWasUpdatedEvent	1	rdooley	\N	Component was updated.	2020-07-15 07:10:18	2020-07-15 07:10:18
486	CachetHQ\\Cachet\\Bus\\Events\\Component\\ComponentWasUpdatedEvent	1	rdooley	\N	Component was updated.	2020-07-15 07:10:18	2020-07-15 07:10:18
487	CachetHQ\\Cachet\\Bus\\Events\\Component\\ComponentWasUpdatedEvent	1	rdooley	\N	Component was updated.	2020-07-15 07:10:18	2020-07-15 07:10:18
488	CachetHQ\\Cachet\\Bus\\Events\\Component\\ComponentWasUpdatedEvent	1	rdooley	\N	Component was updated.	2020-07-15 07:10:18	2020-07-15 07:10:18
489	CachetHQ\\Cachet\\Bus\\Events\\Component\\ComponentWasUpdatedEvent	1	rdooley	\N	Component was updated.	2020-07-15 07:10:18	2020-07-15 07:10:18
490	CachetHQ\\Cachet\\Bus\\Events\\Component\\ComponentWasUpdatedEvent	1	rdooley	\N	Component was updated.	2020-07-15 07:10:22	2020-07-15 07:10:22
491	CachetHQ\\Cachet\\Bus\\Events\\Component\\ComponentWasUpdatedEvent	1	rdooley	\N	Component was updated.	2020-07-15 07:10:22	2020-07-15 07:10:22
492	CachetHQ\\Cachet\\Bus\\Events\\Component\\ComponentWasUpdatedEvent	1	rdooley	\N	Component was updated.	2020-07-15 07:10:22	2020-07-15 07:10:22
493	CachetHQ\\Cachet\\Bus\\Events\\Component\\ComponentWasUpdatedEvent	1	rdooley	\N	Component was updated.	2020-07-15 07:10:22	2020-07-15 07:10:22
494	CachetHQ\\Cachet\\Bus\\Events\\Component\\ComponentWasUpdatedEvent	1	rdooley	\N	Component was updated.	2020-07-15 07:10:22	2020-07-15 07:10:22
495	CachetHQ\\Cachet\\Bus\\Events\\Component\\ComponentWasUpdatedEvent	1	rdooley	\N	Component was updated.	2020-07-15 07:10:22	2020-07-15 07:10:22
496	CachetHQ\\Cachet\\Bus\\Events\\Component\\ComponentWasUpdatedEvent	1	rdooley	\N	Component was updated.	2020-07-15 07:10:22	2020-07-15 07:10:22
497	CachetHQ\\Cachet\\Bus\\Events\\Component\\ComponentWasUpdatedEvent	1	rdooley	\N	Component was updated.	2020-07-15 07:10:22	2020-07-15 07:10:22
498	CachetHQ\\Cachet\\Bus\\Events\\Component\\ComponentWasUpdatedEvent	1	rdooley	\N	Component was updated.	2020-07-15 07:10:22	2020-07-15 07:10:22
499	CachetHQ\\Cachet\\Bus\\Events\\Component\\ComponentWasUpdatedEvent	1	rdooley	\N	Component was updated.	2020-07-15 07:10:22	2020-07-15 07:10:22
500	CachetHQ\\Cachet\\Bus\\Events\\Component\\ComponentWasUpdatedEvent	1	rdooley	\N	Component was updated.	2020-07-15 07:10:22	2020-07-15 07:10:22
501	CachetHQ\\Cachet\\Bus\\Events\\Component\\ComponentWasUpdatedEvent	1	rdooley	\N	Component was updated.	2020-07-15 07:10:22	2020-07-15 07:10:22
502	CachetHQ\\Cachet\\Bus\\Events\\Component\\ComponentWasUpdatedEvent	1	rdooley	\N	Component was updated.	2020-07-15 07:10:22	2020-07-15 07:10:22
503	CachetHQ\\Cachet\\Bus\\Events\\Component\\ComponentWasUpdatedEvent	1	rdooley	\N	Component was updated.	2020-07-15 07:10:22	2020-07-15 07:10:22
504	CachetHQ\\Cachet\\Bus\\Events\\Component\\ComponentWasUpdatedEvent	1	rdooley	\N	Component was updated.	2020-07-15 07:10:22	2020-07-15 07:10:22
505	CachetHQ\\Cachet\\Bus\\Events\\Component\\ComponentWasUpdatedEvent	1	rdooley	\N	Component was updated.	2020-07-15 07:10:22	2020-07-15 07:10:22
506	CachetHQ\\Cachet\\Bus\\Events\\Component\\ComponentWasUpdatedEvent	1	rdooley	\N	Component was updated.	2020-07-15 07:10:22	2020-07-15 07:10:22
507	CachetHQ\\Cachet\\Bus\\Events\\Component\\ComponentWasUpdatedEvent	1	rdooley	\N	Component was updated.	2020-07-15 07:10:22	2020-07-15 07:10:22
508	CachetHQ\\Cachet\\Bus\\Events\\Component\\ComponentWasUpdatedEvent	1	rdooley	\N	Component was updated.	2020-07-15 07:10:22	2020-07-15 07:10:22
509	CachetHQ\\Cachet\\Bus\\Events\\Component\\ComponentWasUpdatedEvent	1	rdooley	\N	Component was updated.	2020-07-15 07:10:22	2020-07-15 07:10:22
510	CachetHQ\\Cachet\\Bus\\Events\\Component\\ComponentWasUpdatedEvent	1	rdooley	\N	Component was updated.	2020-07-15 07:11:38	2020-07-15 07:11:38
511	CachetHQ\\Cachet\\Bus\\Events\\Component\\ComponentWasUpdatedEvent	1	rdooley	\N	Component was updated.	2020-07-15 07:11:52	2020-07-15 07:11:52
512	CachetHQ\\Cachet\\Bus\\Events\\Component\\ComponentWasUpdatedEvent	1	rdooley	\N	Component was updated.	2020-07-15 07:12:41	2020-07-15 07:12:41
513	CachetHQ\\Cachet\\Bus\\Events\\Component\\ComponentWasUpdatedEvent	1	rdooley	\N	Component was updated.	2020-07-15 07:13:16	2020-07-15 07:13:16
514	CachetHQ\\Cachet\\Bus\\Events\\Component\\ComponentWasUpdatedEvent	1	rdooley	\N	Component was updated.	2020-07-15 07:13:16	2020-07-15 07:13:16
515	CachetHQ\\Cachet\\Bus\\Events\\Component\\ComponentWasUpdatedEvent	1	rdooley	\N	Component was updated.	2020-07-15 07:13:16	2020-07-15 07:13:16
516	CachetHQ\\Cachet\\Bus\\Events\\Component\\ComponentWasUpdatedEvent	1	rdooley	\N	Component was updated.	2020-07-15 07:13:16	2020-07-15 07:13:16
517	CachetHQ\\Cachet\\Bus\\Events\\Component\\ComponentWasUpdatedEvent	1	rdooley	\N	Component was updated.	2020-07-15 07:13:16	2020-07-15 07:13:16
518	CachetHQ\\Cachet\\Bus\\Events\\Component\\ComponentWasUpdatedEvent	1	rdooley	\N	Component was updated.	2020-07-15 07:13:16	2020-07-15 07:13:16
519	CachetHQ\\Cachet\\Bus\\Events\\Component\\ComponentWasUpdatedEvent	1	rdooley	\N	Component was updated.	2020-07-15 07:13:16	2020-07-15 07:13:16
520	CachetHQ\\Cachet\\Bus\\Events\\Component\\ComponentWasUpdatedEvent	1	rdooley	\N	Component was updated.	2020-07-15 07:13:16	2020-07-15 07:13:16
521	CachetHQ\\Cachet\\Bus\\Events\\Component\\ComponentWasUpdatedEvent	1	rdooley	\N	Component was updated.	2020-07-15 07:13:16	2020-07-15 07:13:16
522	CachetHQ\\Cachet\\Bus\\Events\\Component\\ComponentWasUpdatedEvent	1	rdooley	\N	Component was updated.	2020-07-15 07:13:16	2020-07-15 07:13:16
523	CachetHQ\\Cachet\\Bus\\Events\\Component\\ComponentWasUpdatedEvent	1	rdooley	\N	Component was updated.	2020-07-15 07:13:16	2020-07-15 07:13:16
524	CachetHQ\\Cachet\\Bus\\Events\\Component\\ComponentWasUpdatedEvent	1	rdooley	\N	Component was updated.	2020-07-15 07:13:16	2020-07-15 07:13:16
525	CachetHQ\\Cachet\\Bus\\Events\\Component\\ComponentWasUpdatedEvent	1	rdooley	\N	Component was updated.	2020-07-15 07:13:16	2020-07-15 07:13:16
526	CachetHQ\\Cachet\\Bus\\Events\\Component\\ComponentWasUpdatedEvent	1	rdooley	\N	Component was updated.	2020-07-15 07:13:16	2020-07-15 07:13:16
527	CachetHQ\\Cachet\\Bus\\Events\\Component\\ComponentWasUpdatedEvent	1	rdooley	\N	Component was updated.	2020-07-15 07:13:16	2020-07-15 07:13:16
528	CachetHQ\\Cachet\\Bus\\Events\\Component\\ComponentWasUpdatedEvent	1	rdooley	\N	Component was updated.	2020-07-15 07:13:16	2020-07-15 07:13:16
529	CachetHQ\\Cachet\\Bus\\Events\\Component\\ComponentWasUpdatedEvent	1	rdooley	\N	Component was updated.	2020-07-15 07:13:16	2020-07-15 07:13:16
530	CachetHQ\\Cachet\\Bus\\Events\\Component\\ComponentWasUpdatedEvent	1	rdooley	\N	Component was updated.	2020-07-15 07:13:16	2020-07-15 07:13:16
531	CachetHQ\\Cachet\\Bus\\Events\\Component\\ComponentWasUpdatedEvent	1	rdooley	\N	Component was updated.	2020-07-15 07:13:16	2020-07-15 07:13:16
532	CachetHQ\\Cachet\\Bus\\Events\\Component\\ComponentWasUpdatedEvent	1	rdooley	\N	Component was updated.	2020-07-15 07:13:16	2020-07-15 07:13:16
533	CachetHQ\\Cachet\\Bus\\Events\\Component\\ComponentWasUpdatedEvent	1	rdooley	\N	Component was updated.	2020-07-15 07:13:27	2020-07-15 07:13:27
534	CachetHQ\\Cachet\\Bus\\Events\\Component\\ComponentWasCreatedEvent	1	rdooley	\N	Component was added.	2020-07-15 07:15:16	2020-07-15 07:15:16
535	CachetHQ\\Cachet\\Bus\\Events\\Component\\ComponentWasUpdatedEvent	1	rdooley	\N	Component was updated.	2020-07-15 07:15:26	2020-07-15 07:15:26
536	CachetHQ\\Cachet\\Bus\\Events\\Component\\ComponentWasUpdatedEvent	1	rdooley	\N	Component was updated.	2020-07-15 07:15:26	2020-07-15 07:15:26
537	CachetHQ\\Cachet\\Bus\\Events\\Component\\ComponentWasUpdatedEvent	1	rdooley	\N	Component was updated.	2020-07-15 07:15:26	2020-07-15 07:15:26
538	CachetHQ\\Cachet\\Bus\\Events\\Component\\ComponentWasUpdatedEvent	1	rdooley	\N	Component was updated.	2020-07-15 07:15:26	2020-07-15 07:15:26
539	CachetHQ\\Cachet\\Bus\\Events\\Component\\ComponentWasUpdatedEvent	1	rdooley	\N	Component was updated.	2020-07-15 07:15:26	2020-07-15 07:15:26
540	CachetHQ\\Cachet\\Bus\\Events\\Component\\ComponentWasUpdatedEvent	1	rdooley	\N	Component was updated.	2020-07-15 07:15:26	2020-07-15 07:15:26
541	CachetHQ\\Cachet\\Bus\\Events\\Component\\ComponentWasUpdatedEvent	1	rdooley	\N	Component was updated.	2020-07-15 07:15:26	2020-07-15 07:15:26
542	CachetHQ\\Cachet\\Bus\\Events\\Component\\ComponentWasUpdatedEvent	1	rdooley	\N	Component was updated.	2020-07-15 07:15:26	2020-07-15 07:15:26
543	CachetHQ\\Cachet\\Bus\\Events\\Component\\ComponentWasUpdatedEvent	1	rdooley	\N	Component was updated.	2020-07-15 07:15:26	2020-07-15 07:15:26
544	CachetHQ\\Cachet\\Bus\\Events\\Component\\ComponentWasUpdatedEvent	1	rdooley	\N	Component was updated.	2020-07-15 07:15:26	2020-07-15 07:15:26
545	CachetHQ\\Cachet\\Bus\\Events\\Component\\ComponentWasUpdatedEvent	1	rdooley	\N	Component was updated.	2020-07-15 07:15:26	2020-07-15 07:15:26
546	CachetHQ\\Cachet\\Bus\\Events\\Component\\ComponentWasUpdatedEvent	1	rdooley	\N	Component was updated.	2020-07-15 07:15:26	2020-07-15 07:15:26
547	CachetHQ\\Cachet\\Bus\\Events\\Component\\ComponentWasUpdatedEvent	1	rdooley	\N	Component was updated.	2020-07-15 07:15:26	2020-07-15 07:15:26
548	CachetHQ\\Cachet\\Bus\\Events\\Component\\ComponentWasUpdatedEvent	1	rdooley	\N	Component was updated.	2020-07-15 07:15:26	2020-07-15 07:15:26
549	CachetHQ\\Cachet\\Bus\\Events\\Component\\ComponentWasUpdatedEvent	1	rdooley	\N	Component was updated.	2020-07-15 07:15:26	2020-07-15 07:15:26
550	CachetHQ\\Cachet\\Bus\\Events\\Component\\ComponentWasUpdatedEvent	1	rdooley	\N	Component was updated.	2020-07-15 07:15:26	2020-07-15 07:15:26
551	CachetHQ\\Cachet\\Bus\\Events\\Component\\ComponentWasUpdatedEvent	1	rdooley	\N	Component was updated.	2020-07-15 07:15:26	2020-07-15 07:15:26
552	CachetHQ\\Cachet\\Bus\\Events\\Component\\ComponentWasUpdatedEvent	1	rdooley	\N	Component was updated.	2020-07-15 07:15:27	2020-07-15 07:15:27
553	CachetHQ\\Cachet\\Bus\\Events\\Component\\ComponentWasUpdatedEvent	1	rdooley	\N	Component was updated.	2020-07-15 07:15:27	2020-07-15 07:15:27
554	CachetHQ\\Cachet\\Bus\\Events\\Component\\ComponentWasUpdatedEvent	1	rdooley	\N	Component was updated.	2020-07-15 07:15:27	2020-07-15 07:15:27
555	CachetHQ\\Cachet\\Bus\\Events\\Component\\ComponentWasUpdatedEvent	1	rdooley	\N	Component was updated.	2020-07-15 07:15:27	2020-07-15 07:15:27
556	CachetHQ\\Cachet\\Bus\\Events\\Component\\ComponentWasUpdatedEvent	1	rdooley	\N	Component was updated.	2020-07-15 07:16:17	2020-07-15 07:16:17
557	CachetHQ\\Cachet\\Bus\\Events\\ComponentGroup\\ComponentGroupWasUpdatedEvent	1	rdooley	\N	Component Group was updated.	2020-07-15 07:17:08	2020-07-15 07:17:08
558	CachetHQ\\Cachet\\Bus\\Events\\ComponentGroup\\ComponentGroupWasUpdatedEvent	1	rdooley	\N	Component Group was updated.	2020-07-15 07:17:08	2020-07-15 07:17:08
559	CachetHQ\\Cachet\\Bus\\Events\\ComponentGroup\\ComponentGroupWasUpdatedEvent	1	rdooley	\N	Component Group was updated.	2020-07-15 07:17:08	2020-07-15 07:17:08
560	CachetHQ\\Cachet\\Bus\\Events\\ComponentGroup\\ComponentGroupWasUpdatedEvent	1	rdooley	\N	Component Group was updated.	2020-07-15 07:17:08	2020-07-15 07:17:08
561	CachetHQ\\Cachet\\Bus\\Events\\ComponentGroup\\ComponentGroupWasUpdatedEvent	1	rdooley	\N	Component Group was updated.	2020-07-15 07:17:08	2020-07-15 07:17:08
562	CachetHQ\\Cachet\\Bus\\Events\\ComponentGroup\\ComponentGroupWasUpdatedEvent	1	rdooley	\N	Component Group was updated.	2020-07-15 07:17:08	2020-07-15 07:17:08
563	CachetHQ\\Cachet\\Bus\\Events\\ComponentGroup\\ComponentGroupWasUpdatedEvent	1	rdooley	\N	Component Group was updated.	2020-07-15 07:17:08	2020-07-15 07:17:08
564	CachetHQ\\Cachet\\Bus\\Events\\ComponentGroup\\ComponentGroupWasUpdatedEvent	1	rdooley	\N	Component Group was updated.	2020-07-15 07:17:08	2020-07-15 07:17:08
565	CachetHQ\\Cachet\\Bus\\Events\\ComponentGroup\\ComponentGroupWasRemovedEvent	1	rdooley	\N	Component Group was removed.	2020-07-15 07:17:12	2020-07-15 07:17:12
566	CachetHQ\\Cachet\\Bus\\Events\\ComponentGroup\\ComponentGroupWasUpdatedEvent	1	rdooley	\N	Component Group was updated.	2020-07-15 07:17:22	2020-07-15 07:17:22
567	CachetHQ\\Cachet\\Bus\\Events\\ComponentGroup\\ComponentGroupWasUpdatedEvent	1	rdooley	\N	Component Group was updated.	2020-07-15 07:17:22	2020-07-15 07:17:22
568	CachetHQ\\Cachet\\Bus\\Events\\ComponentGroup\\ComponentGroupWasUpdatedEvent	1	rdooley	\N	Component Group was updated.	2020-07-15 07:17:22	2020-07-15 07:17:22
569	CachetHQ\\Cachet\\Bus\\Events\\ComponentGroup\\ComponentGroupWasUpdatedEvent	1	rdooley	\N	Component Group was updated.	2020-07-15 07:17:22	2020-07-15 07:17:22
570	CachetHQ\\Cachet\\Bus\\Events\\ComponentGroup\\ComponentGroupWasUpdatedEvent	1	rdooley	\N	Component Group was updated.	2020-07-15 07:17:22	2020-07-15 07:17:22
571	CachetHQ\\Cachet\\Bus\\Events\\ComponentGroup\\ComponentGroupWasUpdatedEvent	1	rdooley	\N	Component Group was updated.	2020-07-15 07:17:22	2020-07-15 07:17:22
572	CachetHQ\\Cachet\\Bus\\Events\\ComponentGroup\\ComponentGroupWasUpdatedEvent	1	rdooley	\N	Component Group was updated.	2020-07-15 07:17:22	2020-07-15 07:17:22
573	CachetHQ\\Cachet\\Bus\\Events\\ComponentGroup\\ComponentGroupWasUpdatedEvent	1	rdooley	\N	Component Group was updated.	2020-07-15 07:18:07	2020-07-15 07:18:07
574	CachetHQ\\Cachet\\Bus\\Events\\ComponentGroup\\ComponentGroupWasUpdatedEvent	1	rdooley	\N	Component Group was updated.	2020-07-15 07:18:12	2020-07-15 07:18:12
575	CachetHQ\\Cachet\\Bus\\Events\\ComponentGroup\\ComponentGroupWasUpdatedEvent	1	rdooley	\N	Component Group was updated.	2020-07-15 07:18:15	2020-07-15 07:18:15
576	CachetHQ\\Cachet\\Bus\\Events\\ComponentGroup\\ComponentGroupWasUpdatedEvent	1	rdooley	\N	Component Group was updated.	2020-07-15 07:18:44	2020-07-15 07:18:44
577	CachetHQ\\Cachet\\Bus\\Events\\ComponentGroup\\ComponentGroupWasUpdatedEvent	1	rdooley	\N	Component Group was updated.	2020-07-15 07:18:49	2020-07-15 07:18:49
578	CachetHQ\\Cachet\\Bus\\Events\\ComponentGroup\\ComponentGroupWasUpdatedEvent	1	rdooley	\N	Component Group was updated.	2020-07-15 07:19:02	2020-07-15 07:19:02
579	CachetHQ\\Cachet\\Bus\\Events\\ComponentGroup\\ComponentGroupWasUpdatedEvent	1	rdooley	\N	Component Group was updated.	2020-07-15 07:19:08	2020-07-15 07:19:08
580	CachetHQ\\Cachet\\Bus\\Events\\ComponentGroup\\ComponentGroupWasUpdatedEvent	1	rdooley	\N	Component Group was updated.	2020-07-15 07:19:17	2020-07-15 07:19:17
581	CachetHQ\\Cachet\\Bus\\Events\\ComponentGroup\\ComponentGroupWasUpdatedEvent	1	rdooley	\N	Component Group was updated.	2020-07-15 07:19:31	2020-07-15 07:19:31
582	CachetHQ\\Cachet\\Bus\\Events\\ComponentGroup\\ComponentGroupWasUpdatedEvent	1	rdooley	\N	Component Group was updated.	2020-07-15 07:19:37	2020-07-15 07:19:37
583	CachetHQ\\Cachet\\Bus\\Events\\ComponentGroup\\ComponentGroupWasUpdatedEvent	1	rdooley	\N	Component Group was updated.	2020-07-15 07:19:43	2020-07-15 07:19:43
584	CachetHQ\\Cachet\\Bus\\Events\\Metric\\MetricWasUpdatedEvent	1	rdooley	\N	Metric was updated.	2020-07-15 07:21:52	2020-07-15 07:21:52
585	CachetHQ\\Cachet\\Bus\\Events\\Metric\\MetricWasUpdatedEvent	1	rdooley	\N	Metric was updated.	2020-07-15 07:22:01	2020-07-15 07:22:01
586	CachetHQ\\Cachet\\Bus\\Events\\Metric\\MetricWasUpdatedEvent	1	rdooley	\N	Metric was updated.	2020-07-15 07:22:08	2020-07-15 07:22:08
587	CachetHQ\\Cachet\\Bus\\Events\\Metric\\MetricWasUpdatedEvent	1	rdooley	\N	Metric was updated.	2020-07-15 07:22:13	2020-07-15 07:22:13
588	CachetHQ\\Cachet\\Bus\\Events\\Component\\ComponentStatusWasChangedEvent	1	rdooley	\N	Component status was changed.	2020-07-15 07:25:26	2020-07-15 07:25:26
589	CachetHQ\\Cachet\\Bus\\Events\\Component\\ComponentWasUpdatedEvent	1	rdooley	\N	Component was updated.	2020-07-15 07:25:26	2020-07-15 07:25:26
590	CachetHQ\\Cachet\\Bus\\Events\\Incident\\IncidentWasCreatedEvent	1	rdooley	\N	Incident was reported.	2020-07-15 07:25:26	2020-07-15 07:25:26
591	CachetHQ\\Cachet\\Bus\\Events\\Incident\\IncidentWasUpdatedEvent	1	rdooley	\N	Incident was updated.	2020-07-15 07:26:35	2020-07-15 07:26:35
592	CachetHQ\\Cachet\\Bus\\Events\\IncidentUpdate\\IncidentUpdateWasReportedEvent	1	rdooley	\N	Incident Update was reported.	2020-07-15 07:26:35	2020-07-15 07:26:35
593	CachetHQ\\Cachet\\Bus\\Events\\Incident\\IncidentWasUpdatedEvent	1	rdooley	\N	Incident was updated.	2020-07-15 07:27:20	2020-07-15 07:27:20
594	CachetHQ\\Cachet\\Bus\\Events\\IncidentUpdate\\IncidentUpdateWasReportedEvent	1	rdooley	\N	Incident Update was reported.	2020-07-15 07:27:20	2020-07-15 07:27:20
595	CachetHQ\\Cachet\\Bus\\Events\\Component\\ComponentStatusWasChangedEvent	1	rdooley	\N	Component status was changed.	2020-07-15 07:27:46	2020-07-15 07:27:46
596	CachetHQ\\Cachet\\Bus\\Events\\Component\\ComponentWasUpdatedEvent	1	rdooley	\N	Component was updated.	2020-07-15 07:27:46	2020-07-15 07:27:46
\.


--
-- Name: chq_actions_id_seq; Type: SEQUENCE SET; Schema: public; Owner: postgres
--

SELECT pg_catalog.setval('public.chq_actions_id_seq', 596, true);


--
-- Data for Name: chq_cache; Type: TABLE DATA; Schema: public; Owner: postgres
--

COPY public.chq_cache (key, value, expiration) FROM stdin;
\.


--
-- Data for Name: chq_component_groups; Type: TABLE DATA; Schema: public; Owner: postgres
--

COPY public.chq_component_groups (id, name, created_at, updated_at, "order", collapsed, visible) FROM stdin;
2	OpenStack	2020-07-15 02:55:00	2020-07-15 07:18:49	4	2	1
3	Websites	2020-07-15 02:55:32	2020-07-15 07:19:02	1	2	1
6	Gitlab	2020-07-15 03:00:38	2020-07-15 07:19:08	2	2	1
1	Kubernetes	2020-07-15 02:54:51	2020-07-15 07:19:17	3	2	1
5	Storage	2020-07-15 02:55:58	2020-07-15 07:19:31	5	2	1
4	Network	2020-07-15 02:55:51	2020-07-15 07:19:37	6	2	1
7	Auth	2020-07-15 03:03:07	2020-07-15 07:19:43	7	2	1
\.


--
-- Name: chq_component_groups_id_seq; Type: SEQUENCE SET; Schema: public; Owner: postgres
--

SELECT pg_catalog.setval('public.chq_component_groups_id_seq', 8, true);


--
-- Data for Name: chq_components; Type: TABLE DATA; Schema: public; Owner: postgres
--

COPY public.chq_components (id, name, description, link, status, "order", group_id, created_at, updated_at, deleted_at, enabled, meta) FROM stdin;
1	API	Kubernetes Cluster	https://darpaproteus.com/wiki/	1	4	1	2020-07-15 02:45:30	2020-07-15 07:12:41	\N	t	\N
3	API	Private managed Infrastructure-as-a-Service Cloud providing self-service virtual machines, block storage, networking, elastic ip addresses, and object storage (Swift/S3).	https://os.darpaproteus.com/	1	2	2	2020-07-15 02:48:03	2020-07-15 07:13:16	\N	t	\N
19	Dashboard	OpenStack web interface, Neutron	https://os.darpaproteus.com/	1	1	2	2020-07-15 07:04:28	2020-07-15 07:13:27	\N	t	\N
21	Insights	Monitoring, logs, and metrics UI for kubernetes	https://insights.darpaproteus.com/	1	5	1	2020-07-15 07:15:16	2020-07-15 07:15:26	\N	t	\N
20	Compute Nodes	K8S compute nodes		1	6	1	2020-07-15 07:09:05	2020-07-15 07:15:26	\N	t	\N
11	OIDC Login	Federated OIDC connect provider authorized to issue short-term tokens accepted by the Kubernetes API Sserver.	https://kubeconfig.darpaproteus.com	1	7	1	2020-07-15 02:59:08	2020-07-15 07:15:26	\N	t	\N
2	Ceph	Distributed Object, Block, and Posix storage	https://ceph.org	1	8	5	2020-07-15 02:46:21	2020-07-15 07:15:26	\N	t	\N
16	NAS	Long-term spinning disk storage.		1	9	5	2020-07-15 03:15:54	2020-07-15 07:15:26	\N	t	\N
5	Gitlab Website	Gitlab source code control	https://gitlab.darpaproteus.com	1	10	6	2020-07-15 02:49:59	2020-07-15 07:15:26	\N	t	\N
13	Discourse	Group chat and commenting application		1	13	3	2020-07-15 03:10:00	2020-07-15 07:15:26	\N	f	\N
4	VPN	DMC datacenter VPN service		1	14	4	2020-07-15 02:48:43	2020-07-15 07:15:26	\N	t	\N
8	Proxy	Proteus reverse proxy server providing SNI termination and dns management to services hosted inside the DMC datacenter.	https://proxy.darpaproteus.com/	1	15	4	2020-07-15 02:52:54	2020-07-15 07:15:26	\N	t	\N
14	User Portal	User management portal for updating profile information and resetting passwords.	https://portal.darpaproteus.com/	1	16	7	2020-07-15 03:12:26	2020-07-15 07:15:26	\N	f	\N
18	Homepage	Main project site	https://darpaproteus.com/	1	17	3	2020-07-15 06:36:44	2020-07-15 07:15:26	\N	t	\N
6	Jira	Jira ticketing system by Atlassian.	https://darpaproteus.com/jira	1	18	3	2020-07-15 02:50:53	2020-07-15 07:15:26	\N	t	\N
7	Documentation	Confluence wiki by Atlassian.	https://darpaproteus.com/wiki/	1	19	3	2020-07-15 02:51:29	2020-07-15 07:15:27	\N	t	\N
10	Kubectl Config Login App	Webapp issuing OIDC based tokens compatible with Kubectl	https://kubeconfig.darpaproteus.com	1	20	7	2020-07-15 02:57:41	2020-07-15 07:15:27	\N	f	\N
9	LDAP	Lightweight directory service providing authentication to the project		1	21	7	2020-07-15 02:54:02	2020-07-15 07:15:27	\N	f	\N
12	Gitlab Runner	Pool of Gitlab Runner instances charged with execution the various devops tasks defined in Gitlab.		1	11	6	2020-07-15 03:00:27	2020-07-15 07:27:20	\N	t	\N
15	Gitlab Registry	Gitlab Docker registry for published images.	https://registry.darpaproteus.com	1	12	6	2020-07-15 03:13:43	2020-07-15 07:27:46	\N	t	\N
17	Object Storage	OpenStack Object storage service.	https://os.darpaproteus.com/	1	3	2	2020-07-15 03:17:09	2020-07-15 07:06:53	\N	t	\N
\.


--
-- Name: chq_components_id_seq; Type: SEQUENCE SET; Schema: public; Owner: postgres
--

SELECT pg_catalog.setval('public.chq_components_id_seq', 21, true);


--
-- Data for Name: chq_failed_jobs; Type: TABLE DATA; Schema: public; Owner: postgres
--

COPY public.chq_failed_jobs (id, connection, queue, payload, failed_at) FROM stdin;
\.


--
-- Name: chq_failed_jobs_id_seq; Type: SEQUENCE SET; Schema: public; Owner: postgres
--

SELECT pg_catalog.setval('public.chq_failed_jobs_id_seq', 1, false);


--
-- Data for Name: chq_incident_components; Type: TABLE DATA; Schema: public; Owner: postgres
--

COPY public.chq_incident_components (id, incident_id, component_id, status_id, created_at, updated_at) FROM stdin;
\.


--
-- Name: chq_incident_components_id_seq; Type: SEQUENCE SET; Schema: public; Owner: postgres
--

SELECT pg_catalog.setval('public.chq_incident_components_id_seq', 1, false);


--
-- Data for Name: chq_incident_templates; Type: TABLE DATA; Schema: public; Owner: postgres
--

COPY public.chq_incident_templates (id, name, slug, template, created_at, updated_at, deleted_at) FROM stdin;
\.


--
-- Name: chq_incident_templates_id_seq; Type: SEQUENCE SET; Schema: public; Owner: postgres
--

SELECT pg_catalog.setval('public.chq_incident_templates_id_seq', 1, false);


--
-- Data for Name: chq_incident_updates; Type: TABLE DATA; Schema: public; Owner: postgres
--

COPY public.chq_incident_updates (id, incident_id, status, message, user_id, created_at, updated_at) FROM stdin;
1	1	2	We have identified the issue and will be recreating kubeconfig files and service tokens for every user.	1	2020-07-15 06:53:29	2020-07-15 06:53:29
2	1	4	The RBAC issue has been resolved. Please pull a fresh token from https://kubeconfig.darpaproteus.com/	1	2020-07-15 06:53:53	2020-07-15 06:53:53
3	2	2	Admins have tracked down the problem to a lack of available disk and will be resizing the disk shortly.	1	2020-07-15 07:26:35	2020-07-15 07:26:35
4	2	4	The Gitlab Registry disk has been expanded by 500GB and returned to service. Runners are reporting successful pushes once again.	1	2020-07-15 07:27:20	2020-07-15 07:27:20
\.


--
-- Name: chq_incident_updates_id_seq; Type: SEQUENCE SET; Schema: public; Owner: postgres
--

SELECT pg_catalog.setval('public.chq_incident_updates_id_seq', 4, true);


--
-- Data for Name: chq_incidents; Type: TABLE DATA; Schema: public; Owner: postgres
--

COPY public.chq_incidents (id, component_id, name, status, message, created_at, updated_at, deleted_at, visible, stickied, occurred_at, user_id, notifications) FROM stdin;
1	1	Incident on 2020-07-13 09:01:00 UTC	4	We are investigating a reported issues with user RBAC after the cluster upgrade.	2020-07-15 06:52:13	2020-07-15 06:53:53	\N	t	f	2020-07-13 09:04:00	1	f
2	12	Gitlab runner is reporting failed pushes to registry	4	Users have reported failures of Gitlab Runner to push images into their project registry.	2020-07-15 07:25:26	2020-07-15 07:27:20	\N	t	f	2020-07-14 07:21:00	1	f
\.


--
-- Name: chq_incidents_id_seq; Type: SEQUENCE SET; Schema: public; Owner: postgres
--

SELECT pg_catalog.setval('public.chq_incidents_id_seq', 2, true);


--
-- Data for Name: chq_invites; Type: TABLE DATA; Schema: public; Owner: postgres
--

COPY public.chq_invites (id, code, email, claimed_at, created_at, updated_at) FROM stdin;
\.


--
-- Name: chq_invites_id_seq; Type: SEQUENCE SET; Schema: public; Owner: postgres
--

SELECT pg_catalog.setval('public.chq_invites_id_seq', 1, false);


--
-- Data for Name: chq_jobs; Type: TABLE DATA; Schema: public; Owner: postgres
--

COPY public.chq_jobs (id, queue, payload, attempts, reserved, reserved_at, available_at, created_at) FROM stdin;
\.


--
-- Name: chq_jobs_id_seq; Type: SEQUENCE SET; Schema: public; Owner: postgres
--

SELECT pg_catalog.setval('public.chq_jobs_id_seq', 1, false);


--
-- Data for Name: chq_meta; Type: TABLE DATA; Schema: public; Owner: postgres
--

COPY public.chq_meta (id, key, value, meta_id, meta_type, created_at, updated_at) FROM stdin;
\.


--
-- Name: chq_meta_id_seq; Type: SEQUENCE SET; Schema: public; Owner: postgres
--

SELECT pg_catalog.setval('public.chq_meta_id_seq', 1, false);


--
-- Data for Name: chq_metric_points; Type: TABLE DATA; Schema: public; Owner: postgres
--

COPY public.chq_metric_points (id, metric_id, value, created_at, updated_at, counter) FROM stdin;
\.


--
-- Name: chq_metric_points_id_seq; Type: SEQUENCE SET; Schema: public; Owner: postgres
--

SELECT pg_catalog.setval('public.chq_metric_points_id_seq', 1, false);


--
-- Data for Name: chq_metrics; Type: TABLE DATA; Schema: public; Owner: postgres
--

COPY public.chq_metrics (id, name, suffix, description, default_value, calc_type, display_chart, created_at, updated_at, places, default_view, threshold, "order", visible) FROM stdin;
1	OpenStack	API	Openstack availability	0.000	0	f	2020-07-15 06:17:40	2020-07-15 07:21:52	0	1	5	0	1
2	Kubernetes	API	Kubernetes availability	0.000	0	f	2020-07-15 06:18:20	2020-07-15 07:22:01	0	1	5	0	1
3	Gitlab	git	Gitlab service availability	0.000	0	f	2020-07-15 06:44:41	2020-07-15 07:22:08	0	1	5	0	1
4	Ceph	ceph	Ceph rados gateway, block storage, and cephfs	0.000	0	f	2020-07-15 06:46:00	2020-07-15 07:22:13	0	1	5	0	1
\.


--
-- Name: chq_metrics_id_seq; Type: SEQUENCE SET; Schema: public; Owner: postgres
--

SELECT pg_catalog.setval('public.chq_metrics_id_seq', 4, true);


--
-- Data for Name: chq_migrations; Type: TABLE DATA; Schema: public; Owner: postgres
--

COPY public.chq_migrations (id, migration, batch) FROM stdin;
1	2015_01_05_201324_CreateComponentGroupsTable	1
2	2015_01_05_201444_CreateComponentsTable	1
3	2015_01_05_202446_CreateIncidentTemplatesTable	1
4	2015_01_05_202609_CreateIncidentsTable	1
5	2015_01_05_202730_CreateMetricPointsTable	1
6	2015_01_05_202826_CreateMetricsTable	1
7	2015_01_05_203014_CreateSettingsTable	1
8	2015_01_05_203235_CreateSubscribersTable	1
9	2015_01_05_203341_CreateUsersTable	1
10	2015_01_09_083419_AlterTableUsersAdd2FA	1
11	2015_01_16_083825_CreateTagsTable	1
12	2015_01_16_084030_CreateComponentTagTable	1
13	2015_02_28_214642_UpdateIncidentsAddScheduledAt	1
14	2015_05_19_214534_AlterTableComponentGroupsAddOrder	1
15	2015_05_20_073041_AlterTableIncidentsAddVisibileColumn	1
16	2015_05_24_210939_create_jobs_table	1
17	2015_05_24_210948_create_failed_jobs_table	1
18	2015_06_10_122216_AlterTableComponentsDropUserIdColumn	1
19	2015_06_10_122229_AlterTableIncidentsDropUserIdColumn	1
20	2015_08_02_120436_AlterTableSubscribersRemoveDeletedAt	1
21	2015_08_13_214123_AlterTableMetricsAddDecimalPlacesColumn	1
22	2015_10_31_211944_CreateInvitesTable	1
23	2015_11_03_211049_AlterTableComponentsAddEnabledColumn	1
24	2015_12_26_162258_AlterTableMetricsAddDefaultViewColumn	1
25	2016_01_09_141852_CreateSubscriptionsTable	1
26	2016_01_29_154937_AlterTableComponentGroupsAddCollapsedColumn	1
27	2016_02_18_085210_AlterTableMetricPointsChangeValueColumn	1
28	2016_03_01_174858_AlterTableMetricPointsAddCounterColumn	1
29	2016_03_08_125729_CreateIncidentUpdatesTable	1
30	2016_03_10_144613_AlterTableComponentGroupsMakeColumnInteger	1
31	2016_04_05_142933_create_sessions_table	1
32	2016_04_29_061916_AlterTableSubscribersAddGlobalColumn	1
33	2016_06_02_075012_AlterTableMetricsAddOrderColumn	1
34	2016_06_05_091615_create_cache_table	1
35	2016_07_25_052444_AlterTableComponentGroupsAddVisibleColumn	1
36	2016_08_23_114610_AlterTableUsersAddWelcomedColumn	1
37	2016_09_04_100000_AlterTableIncidentsAddStickiedColumn	1
38	2016_10_24_183415_AlterTableIncidentsAddOccurredAtColumn	1
39	2016_10_30_174400_CreateSchedulesTable	1
40	2016_10_30_174410_CreateScheduleComponentsTable	1
41	2016_10_30_182324_AlterTableIncidentsRemoveScheduledColumns	1
42	2016_12_04_163502_AlterTableMetricsAddVisibleColumn	1
43	2016_12_05_185045_AlterTableComponentsAddMetaColumn	1
44	2016_12_29_124643_AlterTableSubscribersAddPhoneNumberSlackColumns	1
45	2016_12_29_155956_AlterTableComponentsMakeLinkNullable	1
46	2017_01_03_143916_create_notifications_table	1
47	2017_02_03_222218_CreateActionsTable	1
48	2017_06_13_181049_CreateMetaTable	1
49	2017_07_18_214718_CreateIncidentComponents	1
50	2017_09_14_180434_AlterIncidentsAddUserId	1
51	2018_04_02_163328_CreateTaggablesTable	1
52	2018_04_02_163658_MigrateComponentTagTable	1
53	2018_06_14_201440_AlterSchedulesSoftDeletes	1
54	2018_06_17_182507_AlterIncidentsAddNotifications	1
\.


--
-- Name: chq_migrations_id_seq; Type: SEQUENCE SET; Schema: public; Owner: postgres
--

SELECT pg_catalog.setval('public.chq_migrations_id_seq', 54, true);


--
-- Data for Name: chq_notifications; Type: TABLE DATA; Schema: public; Owner: postgres
--

COPY public.chq_notifications (id, type, notifiable_type, notifiable_id, data, read_at, created_at, updated_at) FROM stdin;
\.


--
-- Data for Name: chq_schedule_components; Type: TABLE DATA; Schema: public; Owner: postgres
--

COPY public.chq_schedule_components (id, schedule_id, component_id, component_status, created_at, updated_at) FROM stdin;
\.


--
-- Name: chq_schedule_components_id_seq; Type: SEQUENCE SET; Schema: public; Owner: postgres
--

SELECT pg_catalog.setval('public.chq_schedule_components_id_seq', 1, false);


--
-- Data for Name: chq_schedules; Type: TABLE DATA; Schema: public; Owner: postgres
--

COPY public.chq_schedules (id, name, message, status, scheduled_at, completed_at, created_at, updated_at, deleted_at) FROM stdin;
1	Kubernetes Cluster upgrade	The Proteus Kubernetes cluster will undergo a planned maintenance to upgrade the cluster components to version 17.8, and apply critical patches to host machines.	0	2020-07-10 22:00:00	2020-07-13 08:00:00	2020-07-15 06:49:23	2020-07-15 06:49:41	\N
\.


--
-- Name: chq_schedules_id_seq; Type: SEQUENCE SET; Schema: public; Owner: postgres
--

SELECT pg_catalog.setval('public.chq_schedules_id_seq', 1, true);


--
-- Data for Name: chq_sessions; Type: TABLE DATA; Schema: public; Owner: postgres
--

COPY public.chq_sessions (id, user_id, ip_address, user_agent, payload, last_activity) FROM stdin;
\.


--
-- Data for Name: chq_settings; Type: TABLE DATA; Schema: public; Owner: postgres
--

COPY public.chq_settings (id, name, value, created_at, updated_at) FROM stdin;
1	app_name	Proteus Status	2020-07-15 02:24:15	2020-07-15 02:24:15
2	app_domain	http://localhost:9100	2020-07-15 02:24:15	2020-07-15 02:24:15
3	app_timezone	UTC	2020-07-15 02:24:15	2020-07-15 02:24:15
4	app_locale	en	2020-07-15 02:24:15	2020-07-15 02:24:15
5	show_support	1	2020-07-15 02:24:15	2020-07-15 02:24:15
6	app_incident_days	7	2020-07-15 02:24:15	2020-07-15 02:24:15
8	app_about		2020-07-15 04:58:14	2020-07-15 04:58:14
7	app_refresh_rate		2020-07-15 02:24:15	2020-07-15 04:58:14
9	major_outage_rate	50	2020-07-15 04:58:14	2020-07-15 04:58:14
10	enable_subscribers	1	2020-07-15 04:58:14	2020-07-15 04:58:14
11	suppress_notifications_in_maintenance	1	2020-07-15 04:58:14	2020-07-15 04:58:14
12	skip_subscriber_verification	0	2020-07-15 04:58:14	2020-07-15 04:58:14
13	display_graphs	1	2020-07-15 04:58:14	2020-07-15 04:58:14
14	enable_external_dependencies	1	2020-07-15 04:58:14	2020-07-15 04:58:14
15	show_timezone	0	2020-07-15 04:58:14	2020-07-15 04:58:14
16	only_disrupted_days	0	2020-07-15 04:58:14	2020-07-15 04:58:14
\.


--
-- Name: chq_settings_id_seq; Type: SEQUENCE SET; Schema: public; Owner: postgres
--

SELECT pg_catalog.setval('public.chq_settings_id_seq', 16, true);


--
-- Data for Name: chq_subscribers; Type: TABLE DATA; Schema: public; Owner: postgres
--

COPY public.chq_subscribers (id, email, verify_code, verified_at, created_at, updated_at, global, phone_number, slack_webhook_url) FROM stdin;
\.


--
-- Name: chq_subscribers_id_seq; Type: SEQUENCE SET; Schema: public; Owner: postgres
--

SELECT pg_catalog.setval('public.chq_subscribers_id_seq', 1, false);


--
-- Data for Name: chq_subscriptions; Type: TABLE DATA; Schema: public; Owner: postgres
--

COPY public.chq_subscriptions (id, subscriber_id, component_id, created_at, updated_at) FROM stdin;
\.


--
-- Name: chq_subscriptions_id_seq; Type: SEQUENCE SET; Schema: public; Owner: postgres
--

SELECT pg_catalog.setval('public.chq_subscriptions_id_seq', 1, false);


--
-- Data for Name: chq_taggables; Type: TABLE DATA; Schema: public; Owner: postgres
--

COPY public.chq_taggables (id, tag_id, taggable_type, taggable_id, created_at, updated_at) FROM stdin;
77	28	components	20	\N	\N
82	28	components	21	\N	\N
39	28	components	1	\N	\N
40	28	components	2	\N	\N
41	28	components	3	\N	\N
42	28	components	4	\N	\N
43	28	components	5	\N	\N
44	28	components	12	\N	\N
45	28	components	6	\N	\N
46	28	components	7	\N	\N
47	28	components	8	\N	\N
48	28	components	9	\N	\N
49	28	components	10	\N	\N
50	28	components	11	\N	\N
54	28	components	13	\N	\N
60	28	components	14	\N	\N
71	28	components	15	\N	\N
72	28	components	16	\N	\N
73	28	components	17	\N	\N
74	28	components	19	\N	\N
75	28	components	18	\N	\N
\.


--
-- Name: chq_taggables_id_seq; Type: SEQUENCE SET; Schema: public; Owner: postgres
--

SELECT pg_catalog.setval('public.chq_taggables_id_seq', 82, true);


--
-- Data for Name: chq_tags; Type: TABLE DATA; Schema: public; Owner: postgres
--

COPY public.chq_tags (id, name, slug, created_at, updated_at) FROM stdin;
1	cloud	cloud	2020-07-15 02:45:30	2020-07-15 02:45:30
2	containers	containers	2020-07-15 02:45:30	2020-07-15 02:45:30
3	hosting	hosting	2020-07-15 02:45:30	2020-07-15 02:45:30
4	storage	storage	2020-07-15 02:46:21	2020-07-15 02:46:21
5	vpn	vpn	2020-07-15 02:48:43	2020-07-15 02:48:43
6	network	network	2020-07-15 02:48:43	2020-07-15 02:48:43
7	code	code	2020-07-15 02:49:59	2020-07-15 02:49:59
8	ci	ci	2020-07-15 02:49:59	2020-07-15 02:49:59
9	automation	automation	2020-07-15 02:49:59	2020-07-15 02:49:59
10	issues	issues	2020-07-15 02:50:53	2020-07-15 02:50:53
11	tickets	tickets	2020-07-15 02:50:53	2020-07-15 02:50:53
12	project management	project-management	2020-07-15 02:50:53	2020-07-15 02:50:53
13	tracking	tracking	2020-07-15 02:50:53	2020-07-15 02:50:53
14	wiki	wiki	2020-07-15 02:51:29	2020-07-15 02:51:29
15	documents	documents	2020-07-15 02:51:29	2020-07-15 02:51:29
16	documentation	documentation	2020-07-15 02:51:29	2020-07-15 02:51:29
17	publishing	publishing	2020-07-15 02:51:29	2020-07-15 02:51:29
18	proxy	proxy	2020-07-15 02:52:54	2020-07-15 02:52:54
19	tls	tls	2020-07-15 02:52:54	2020-07-15 02:52:54
20	dns	dns	2020-07-15 02:52:54	2020-07-15 02:52:54
21	auth	auth	2020-07-15 02:54:02	2020-07-15 02:54:02
22	login	login	2020-07-15 02:54:02	2020-07-15 02:54:02
23	IAM	iam	2020-07-15 02:54:02	2020-07-15 02:54:02
24	iam	iam	2020-07-15 02:57:41	2020-07-15 02:57:41
25	kubernetes	kubernetes	2020-07-15 02:57:41	2020-07-15 02:57:41
26	web	web	2020-07-15 02:57:41	2020-07-15 02:57:41
27	oidc	oidc	2020-07-15 02:59:08	2020-07-15 02:59:08
28	1	1	2020-07-15 03:08:40	2020-07-15 03:08:40
29	chat	chat	2020-07-15 03:10:00	2020-07-15 03:10:00
30	messaging	messaging	2020-07-15 03:10:00	2020-07-15 03:10:00
31	collaboration	collaboration	2020-07-15 03:10:00	2020-07-15 03:10:00
32	profile	profile	2020-07-15 03:12:26	2020-07-15 03:12:26
33	identity	identity	2020-07-15 03:12:26	2020-07-15 03:12:26
34	user	user	2020-07-15 03:12:26	2020-07-15 03:12:26
35	docker	docker	2020-07-15 03:13:43	2020-07-15 03:13:43
36	container	container	2020-07-15 03:13:43	2020-07-15 03:13:43
37	registry	registry	2020-07-15 03:13:43	2020-07-15 03:13:43
38	gitlab	gitlab	2020-07-15 03:13:43	2020-07-15 03:13:43
39	nfs	nfs	2020-07-15 03:15:54	2020-07-15 03:15:54
40	object	object	2020-07-15 03:17:09	2020-07-15 03:17:09
41	s3	s3	2020-07-15 03:17:09	2020-07-15 03:17:09
42	k8s	k8s	2020-07-15 07:09:05	2020-07-15 07:09:05
43	metrics	metrics	2020-07-15 07:15:16	2020-07-15 07:15:16
44	logs	logs	2020-07-15 07:15:16	2020-07-15 07:15:16
45	dashboard	dashboard	2020-07-15 07:15:16	2020-07-15 07:15:16
\.


--
-- Name: chq_tags_id_seq; Type: SEQUENCE SET; Schema: public; Owner: postgres
--

SELECT pg_catalog.setval('public.chq_tags_id_seq', 45, true);


--
-- Data for Name: chq_users; Type: TABLE DATA; Schema: public; Owner: postgres
--

COPY public.chq_users (id, username, password, remember_token, email, api_key, active, level, created_at, updated_at, google_2fa_secret, welcomed) FROM stdin;
1	rdooley	$2y$10$yE2oH4u6fR0TZBQXGTy//OM5MWRUJ3yQWkGopmpuH4jXMn7fVQiuK	QVB6Cbp1yY5XwPsJOxI0ADtJTusjFokK7URzqv7Gt1t4lzCFostuAJChME7q	riondooley@datamachines.io	DHuAiQmwBeRgkuvVRLUC	t	1	2020-07-15 02:24:15	2020-07-15 02:24:25	\N	t
\.


--
-- Name: chq_users_id_seq; Type: SEQUENCE SET; Schema: public; Owner: postgres
--

SELECT pg_catalog.setval('public.chq_users_id_seq', 1, true);


--
-- Name: cache_key_unique; Type: CONSTRAINT; Schema: public; Owner: postgres
--

ALTER TABLE ONLY public.chq_cache
    ADD CONSTRAINT cache_key_unique UNIQUE (key);


--
-- Name: chq_actions_pkey; Type: CONSTRAINT; Schema: public; Owner: postgres
--

ALTER TABLE ONLY public.chq_actions
    ADD CONSTRAINT chq_actions_pkey PRIMARY KEY (id);


--
-- Name: chq_component_groups_pkey; Type: CONSTRAINT; Schema: public; Owner: postgres
--

ALTER TABLE ONLY public.chq_component_groups
    ADD CONSTRAINT chq_component_groups_pkey PRIMARY KEY (id);


--
-- Name: chq_components_pkey; Type: CONSTRAINT; Schema: public; Owner: postgres
--

ALTER TABLE ONLY public.chq_components
    ADD CONSTRAINT chq_components_pkey PRIMARY KEY (id);


--
-- Name: chq_failed_jobs_pkey; Type: CONSTRAINT; Schema: public; Owner: postgres
--

ALTER TABLE ONLY public.chq_failed_jobs
    ADD CONSTRAINT chq_failed_jobs_pkey PRIMARY KEY (id);


--
-- Name: chq_incident_components_pkey; Type: CONSTRAINT; Schema: public; Owner: postgres
--

ALTER TABLE ONLY public.chq_incident_components
    ADD CONSTRAINT chq_incident_components_pkey PRIMARY KEY (id);


--
-- Name: chq_incident_templates_pkey; Type: CONSTRAINT; Schema: public; Owner: postgres
--

ALTER TABLE ONLY public.chq_incident_templates
    ADD CONSTRAINT chq_incident_templates_pkey PRIMARY KEY (id);


--
-- Name: chq_incident_updates_pkey; Type: CONSTRAINT; Schema: public; Owner: postgres
--

ALTER TABLE ONLY public.chq_incident_updates
    ADD CONSTRAINT chq_incident_updates_pkey PRIMARY KEY (id);


--
-- Name: chq_incidents_pkey; Type: CONSTRAINT; Schema: public; Owner: postgres
--

ALTER TABLE ONLY public.chq_incidents
    ADD CONSTRAINT chq_incidents_pkey PRIMARY KEY (id);


--
-- Name: chq_invites_pkey; Type: CONSTRAINT; Schema: public; Owner: postgres
--

ALTER TABLE ONLY public.chq_invites
    ADD CONSTRAINT chq_invites_pkey PRIMARY KEY (id);


--
-- Name: chq_jobs_pkey; Type: CONSTRAINT; Schema: public; Owner: postgres
--

ALTER TABLE ONLY public.chq_jobs
    ADD CONSTRAINT chq_jobs_pkey PRIMARY KEY (id);


--
-- Name: chq_meta_pkey; Type: CONSTRAINT; Schema: public; Owner: postgres
--

ALTER TABLE ONLY public.chq_meta
    ADD CONSTRAINT chq_meta_pkey PRIMARY KEY (id);


--
-- Name: chq_metric_points_pkey; Type: CONSTRAINT; Schema: public; Owner: postgres
--

ALTER TABLE ONLY public.chq_metric_points
    ADD CONSTRAINT chq_metric_points_pkey PRIMARY KEY (id);


--
-- Name: chq_metrics_pkey; Type: CONSTRAINT; Schema: public; Owner: postgres
--

ALTER TABLE ONLY public.chq_metrics
    ADD CONSTRAINT chq_metrics_pkey PRIMARY KEY (id);


--
-- Name: chq_migrations_pkey; Type: CONSTRAINT; Schema: public; Owner: postgres
--

ALTER TABLE ONLY public.chq_migrations
    ADD CONSTRAINT chq_migrations_pkey PRIMARY KEY (id);


--
-- Name: chq_notifications_pkey; Type: CONSTRAINT; Schema: public; Owner: postgres
--

ALTER TABLE ONLY public.chq_notifications
    ADD CONSTRAINT chq_notifications_pkey PRIMARY KEY (id);


--
-- Name: chq_schedule_components_pkey; Type: CONSTRAINT; Schema: public; Owner: postgres
--

ALTER TABLE ONLY public.chq_schedule_components
    ADD CONSTRAINT chq_schedule_components_pkey PRIMARY KEY (id);


--
-- Name: chq_schedules_pkey; Type: CONSTRAINT; Schema: public; Owner: postgres
--

ALTER TABLE ONLY public.chq_schedules
    ADD CONSTRAINT chq_schedules_pkey PRIMARY KEY (id);


--
-- Name: chq_settings_pkey; Type: CONSTRAINT; Schema: public; Owner: postgres
--

ALTER TABLE ONLY public.chq_settings
    ADD CONSTRAINT chq_settings_pkey PRIMARY KEY (id);


--
-- Name: chq_subscribers_pkey; Type: CONSTRAINT; Schema: public; Owner: postgres
--

ALTER TABLE ONLY public.chq_subscribers
    ADD CONSTRAINT chq_subscribers_pkey PRIMARY KEY (id);


--
-- Name: chq_subscriptions_pkey; Type: CONSTRAINT; Schema: public; Owner: postgres
--

ALTER TABLE ONLY public.chq_subscriptions
    ADD CONSTRAINT chq_subscriptions_pkey PRIMARY KEY (id);


--
-- Name: chq_taggables_pkey; Type: CONSTRAINT; Schema: public; Owner: postgres
--

ALTER TABLE ONLY public.chq_taggables
    ADD CONSTRAINT chq_taggables_pkey PRIMARY KEY (id);


--
-- Name: chq_tags_pkey; Type: CONSTRAINT; Schema: public; Owner: postgres
--

ALTER TABLE ONLY public.chq_tags
    ADD CONSTRAINT chq_tags_pkey PRIMARY KEY (id);


--
-- Name: chq_users_pkey; Type: CONSTRAINT; Schema: public; Owner: postgres
--

ALTER TABLE ONLY public.chq_users
    ADD CONSTRAINT chq_users_pkey PRIMARY KEY (id);


--
-- Name: invites_code_unique; Type: CONSTRAINT; Schema: public; Owner: postgres
--

ALTER TABLE ONLY public.chq_invites
    ADD CONSTRAINT invites_code_unique UNIQUE (code);


--
-- Name: sessions_id_unique; Type: CONSTRAINT; Schema: public; Owner: postgres
--

ALTER TABLE ONLY public.chq_sessions
    ADD CONSTRAINT sessions_id_unique UNIQUE (id);


--
-- Name: subscribers_email_unique; Type: CONSTRAINT; Schema: public; Owner: postgres
--

ALTER TABLE ONLY public.chq_subscribers
    ADD CONSTRAINT subscribers_email_unique UNIQUE (email);


--
-- Name: tags_name_slug_unique; Type: CONSTRAINT; Schema: public; Owner: postgres
--

ALTER TABLE ONLY public.chq_tags
    ADD CONSTRAINT tags_name_slug_unique UNIQUE (name, slug);


--
-- Name: users_api_key_unique; Type: CONSTRAINT; Schema: public; Owner: postgres
--

ALTER TABLE ONLY public.chq_users
    ADD CONSTRAINT users_api_key_unique UNIQUE (api_key);


--
-- Name: users_email_unique; Type: CONSTRAINT; Schema: public; Owner: postgres
--

ALTER TABLE ONLY public.chq_users
    ADD CONSTRAINT users_email_unique UNIQUE (email);


--
-- Name: users_username_unique; Type: CONSTRAINT; Schema: public; Owner: postgres
--

ALTER TABLE ONLY public.chq_users
    ADD CONSTRAINT users_username_unique UNIQUE (username);


--
-- Name: actions_user_id_index; Type: INDEX; Schema: public; Owner: postgres
--

CREATE INDEX actions_user_id_index ON public.chq_actions USING btree (user_id);


--
-- Name: component_groups_order_index; Type: INDEX; Schema: public; Owner: postgres
--

CREATE INDEX component_groups_order_index ON public.chq_component_groups USING btree ("order");


--
-- Name: component_groups_visible_index; Type: INDEX; Schema: public; Owner: postgres
--

CREATE INDEX component_groups_visible_index ON public.chq_component_groups USING btree (visible);


--
-- Name: components_group_id_index; Type: INDEX; Schema: public; Owner: postgres
--

CREATE INDEX components_group_id_index ON public.chq_components USING btree (group_id);


--
-- Name: components_order_index; Type: INDEX; Schema: public; Owner: postgres
--

CREATE INDEX components_order_index ON public.chq_components USING btree ("order");


--
-- Name: components_status_index; Type: INDEX; Schema: public; Owner: postgres
--

CREATE INDEX components_status_index ON public.chq_components USING btree (status);


--
-- Name: incident_components_component_id_index; Type: INDEX; Schema: public; Owner: postgres
--

CREATE INDEX incident_components_component_id_index ON public.chq_incident_components USING btree (component_id);


--
-- Name: incident_components_incident_id_index; Type: INDEX; Schema: public; Owner: postgres
--

CREATE INDEX incident_components_incident_id_index ON public.chq_incident_components USING btree (incident_id);


--
-- Name: incident_components_status_id_index; Type: INDEX; Schema: public; Owner: postgres
--

CREATE INDEX incident_components_status_id_index ON public.chq_incident_components USING btree (status_id);


--
-- Name: incident_updates_incident_id_index; Type: INDEX; Schema: public; Owner: postgres
--

CREATE INDEX incident_updates_incident_id_index ON public.chq_incident_updates USING btree (incident_id);


--
-- Name: incidents_component_id_index; Type: INDEX; Schema: public; Owner: postgres
--

CREATE INDEX incidents_component_id_index ON public.chq_incidents USING btree (component_id);


--
-- Name: incidents_status_index; Type: INDEX; Schema: public; Owner: postgres
--

CREATE INDEX incidents_status_index ON public.chq_incidents USING btree (status);


--
-- Name: incidents_stickied_index; Type: INDEX; Schema: public; Owner: postgres
--

CREATE INDEX incidents_stickied_index ON public.chq_incidents USING btree (stickied);


--
-- Name: incidents_user_id_index; Type: INDEX; Schema: public; Owner: postgres
--

CREATE INDEX incidents_user_id_index ON public.chq_incidents USING btree (user_id);


--
-- Name: incidents_visible_index; Type: INDEX; Schema: public; Owner: postgres
--

CREATE INDEX incidents_visible_index ON public.chq_incidents USING btree (visible);


--
-- Name: meta_key_index; Type: INDEX; Schema: public; Owner: postgres
--

CREATE INDEX meta_key_index ON public.chq_meta USING btree (key);


--
-- Name: meta_meta_id_meta_type_index; Type: INDEX; Schema: public; Owner: postgres
--

CREATE INDEX meta_meta_id_meta_type_index ON public.chq_meta USING btree (meta_id, meta_type);


--
-- Name: metric_points_metric_id_index; Type: INDEX; Schema: public; Owner: postgres
--

CREATE INDEX metric_points_metric_id_index ON public.chq_metric_points USING btree (metric_id);


--
-- Name: metrics_display_chart_index; Type: INDEX; Schema: public; Owner: postgres
--

CREATE INDEX metrics_display_chart_index ON public.chq_metrics USING btree (display_chart);


--
-- Name: metrics_visible_index; Type: INDEX; Schema: public; Owner: postgres
--

CREATE INDEX metrics_visible_index ON public.chq_metrics USING btree (visible);


--
-- Name: notifications_notifiable_type_notifiable_id_index; Type: INDEX; Schema: public; Owner: postgres
--

CREATE INDEX notifications_notifiable_type_notifiable_id_index ON public.chq_notifications USING btree (notifiable_type, notifiable_id);


--
-- Name: subscriptions_component_id_index; Type: INDEX; Schema: public; Owner: postgres
--

CREATE INDEX subscriptions_component_id_index ON public.chq_subscriptions USING btree (component_id);


--
-- Name: subscriptions_subscriber_id_index; Type: INDEX; Schema: public; Owner: postgres
--

CREATE INDEX subscriptions_subscriber_id_index ON public.chq_subscriptions USING btree (subscriber_id);


--
-- Name: taggables_tag_id_index; Type: INDEX; Schema: public; Owner: postgres
--

CREATE INDEX taggables_tag_id_index ON public.chq_taggables USING btree (tag_id);


--
-- Name: taggables_taggable_type_taggable_id_index; Type: INDEX; Schema: public; Owner: postgres
--

CREATE INDEX taggables_taggable_type_taggable_id_index ON public.chq_taggables USING btree (taggable_type, taggable_id);


--
-- Name: users_active_index; Type: INDEX; Schema: public; Owner: postgres
--

CREATE INDEX users_active_index ON public.chq_users USING btree (active);


--
-- Name: users_remember_token_index; Type: INDEX; Schema: public; Owner: postgres
--

CREATE INDEX users_remember_token_index ON public.chq_users USING btree (remember_token);


--
-- Name: SCHEMA public; Type: ACL; Schema: -; Owner: postgres
--

REVOKE ALL ON SCHEMA public FROM PUBLIC;
REVOKE ALL ON SCHEMA public FROM postgres;
GRANT ALL ON SCHEMA public TO postgres;
GRANT ALL ON SCHEMA public TO PUBLIC;


--
-- PostgreSQL database dump complete
--

